"name_1006","GO_IDs","Proteins","NumProteins_Healthy","ONTOLOGY"
"protein binding","GO:0005515","H2AX - H4 - HBB - IGHM - FRIL - HBA - H33 - FIBB - ALBU - A2MG - FRIH - HPT - CRYAB - ASSY - MYH1 - ACTBL - PERM - TRFL - FIBG - ELNE - AOC3 - VIME - KCRM - CO6A2 - K2C1 - FIBA - CO6A1 - TBA1C - FAS - TPM1 - CO6A3 - ADH1G - RTN4 - ANXA2 - PSA6 - PGBM - K1C10 - ACTC - EHD2 - TBA4A - AT2A1 - LAMA4 - PSA7 - PGS2 - KATL2 - LAMB1 - PSA4 - CSPG2 - LAMB2 - HYEP - IGHG2 - ANXA5 - VWF - PSA1 - PSB4 - PSA5 - RS27A - CAV1 - LDHB - FINC - MYO1C - TBB5 - APOA1 - PSB6 - PSB2 - LDHA - K1C18 - PSB1 - UGPA - ADH1B - TBB6 - LG3BP - TERA - CAP7",74,"MF"
"cytoplasm","GO:0005737","FRIL - MYH4 - MYH8 - ACTH - MYH13 - ALBU - FRIH - CRYAB - ASSY - MYH1 - ACTBL - TRFL - ELNE - AOC3 - VIME - KCRM - K2C1 - TBA1C - FAS - CATA - TPM1 - ADH1G - ANXA2 - PSA6 - K1C10 - ACTC - EHD2 - TBA4A - PSA7 - KATL2 - LAMB1 - PSA4 - ANXA5 - CD5L - PSA1 - PSB4 - PSA5 - RS27A - MEIOC - LDHB - MYO1C - TBB5 - PSB6 - PSB2 - LDHA - K1C18 - PSB1 - UGPA - ADH1B - TBB6 - TERA",51,"CC"
"extracellular region","GO:0005576","H4 - HBB - IGHM - FRIL - HBA - H33 - FIBB - ALBU - A2MG - FRIH - HPT - CRYAB - PERM - TRFL - FIBG - ELNE - CO6A2 - K2C1 - FIBA - CO6A1 - CATA - CO6A3 - ANXA2 - PGBM - LAMC1 - K1C10 - IGHA1 - TBA4A - LAMA4 - PGS2 - LAMB1 - NID1 - KV401 - CSPG2 - LAMB2 - IGHG2 - ANXA5 - VWF - KV320 - CD5L - PSA5 - IGJ - FINC - TBB5 - APOA1 - KV315 - PSB1 - LG3BP - TERA - CAP7",50,"CC"
"cytosol","GO:0005829","HBB - MYL1 - FRIL - MYH8 - HBA - ACTH - FRIH - CRYAB - ASSY - ELNE - VIME - KCRM - K2C1 - FAS - CATA - TPM1 - ADH1G - ANXA2 - K1C9 - PSA6 - K1C10 - ACTC - EHD2 - TBA4A - PSA7 - PSA4 - ANXA5 - PSA1 - PSB4 - PSA5 - RS27A - LDHB - MYO1C - TBB5 - APOA1 - PSB6 - PSB2 - LDHA - K1C18 - PSB1 - UGPA - ADH1B - TERA",43,"CC"
"extracellular space","GO:0005615","HBB - IGHM - HBA - ACTH - FIBB - ALBU - A2MG - HPT - ACTBL - PERM - TRFL - FIBG - ELNE - KCRM - CO6A2 - K2C1 - FIBA - CATA - CO6A3 - ANXA2 - K1C9 - PGBM - LAMC1 - K1C10 - IGHA1 - ACTC - PGS2 - LAMB1 - CSPG2 - IGHG2 - VWF - KV320 - CD5L - RS27A - IGJ - FINC - APOA1 - LG3BP - CAP7",39,"CC"
"membrane","GO:0016020","H4 - IGHM - FRIL - HBA - ACTBL - AOC3 - VIME - CO6A2 - K2C1 - CO6A1 - FAS - CATA - RTN4 - ANXA2 - K1C9 - K1C10 - IGHA1 - ACTC - EHD2 - AT2A1 - KV401 - CSPG2 - HYEP - IGHG2 - ANXA5 - KV320 - CD5L - RS27A - CAV1 - LDHB - MYO1C - PSB2 - LDHA - KV315 - LG3BP - CAP7",36,"CC"
"nucleus","GO:0005634","H2AX - H4 - H37 - H33 - ALBU - FRIH - CRYAB - PERM - TRFL - VIME - K2C1 - TBA1C - ANXA2 - K1C9 - PSA6 - K1C10 - EHD2 - PSA7 - LAMB1 - PSA4 - PSA1 - PSB4 - PSA5 - RS27A - MEIOC - MYO1C - TBB5 - PSB6 - PSB2 - LDHA - K1C18 - PSB1 - UGPA - TBB6 - TERA",35,"CC"
"plasma membrane","GO:0005886","IGHM - FIBB - CRYAB - TRFL - FIBG - AOC3 - VIME - K2C1 - FIBA - FAS - ADH1G - RTN4 - ANXA2 - PGBM - IGHA1 - EHD2 - KV401 - IGHG2 - KV320 - CD5L - RS27A - CAV1 - FINC - MYO1C - APOA1 - KV315 - ADH1B",27,"CC"
"metal ion binding","GO:0046872","HBB - FRIL - HBA - ALBU - FRIH - CRYAB - PERM - TRFL - FIBG - AOC3 - FIBA - TBA1C - CATA - ADH1G - RTN4 - PGBM - EHD2 - TBA4A - AT2A1 - RS27A - TBB5 - UGPA - ADH1B - TBB6",24,"MF"
"blood microparticle","GO:0072562","HBB - IGHM - HBA - ACTH - FIBB - ALBU - A2MG - HPT - FIBG - K2C1 - FIBA - IGHA1 - ACTC - KV401 - IGHG2 - KV320 - CD5L - IGJ - FINC - APOA1 - KV315 - LG3BP",22,"CC"
"extracellular matrix","GO:0031012","FIBB - A2MG - FIBG - ELNE - CO6A2 - FIBA - CO6A1 - CO6A3 - ANXA2 - PGBM - LAMC1 - LAMA4 - PGS2 - LAMB1 - NID1 - CSPG2 - LAMB2 - ANXA5 - VWF - FINC - LG3BP",21,"CC"
"identical protein binding","GO:0042802","FRIL - ALBU - FRIH - CRYAB - ASSY - AOC3 - VIME - FAS - CATA - TPM1 - ANXA2 - EHD2 - PSA7 - VWF - CAV1 - LDHB - FINC - APOA1 - LDHA - UGPA - TERA",21,"MF"
"nucleoplasm","GO:0005654","H2AX - H4 - H37 - H33 - CRYAB - ASSY - PERM - ADH1G - PSA6 - PSA7 - PSA4 - PSA1 - PSB4 - PSA5 - RS27A - MYO1C - PSB6 - PSB2 - PSB1 - ADH1B - TERA",21,"CC"
"nucleotide binding","GO:0000166","MYH4 - MYH8 - ACTH - MYH13 - ASSY - MYH1 - ACTBL - KCRM - TBA1C - ACTC - EHD2 - TBA4A - AT2A1 - KATL2 - MYO1C - TBB5 - TBB6 - TERA",18,"MF"
"ATP binding","GO:0005524","MYH4 - MYH8 - ACTH - MYH13 - ASSY - MYH1 - ACTBL - KCRM - ACTC - EHD2 - AT2A1 - KATL2 - MYO1C - TERA",14,"MF"
"cell adhesion","GO:0007155","AOC3 - CO6A2 - CO6A1 - CO6A3 - ANXA2 - LAMC1 - LAMA4 - LAMB1 - NID1 - CSPG2 - LAMB2 - VWF - FINC - LG3BP",14,"BP"
"cytoskeleton","GO:0005856","ACTH - ACTBL - VIME - K2C1 - TBA1C - TPM1 - K1C9 - K1C10 - ACTC - TBA4A - KATL2 - TBB5 - K1C18 - TBB6",14,"CC"
"endoplasmic reticulum","GO:0005783","FIBB - ALBU - AOC3 - FIBA - CO6A1 - RTN4 - AT2A1 - HYEP - VWF - RS27A - CAV1 - TERA",12,"CC"
"endoplasmic reticulum lumen","GO:0005788","ALBU - FIBG - CO6A2 - FIBA - CO6A1 - CO6A3 - LAMC1 - LAMB1 - CSPG2 - LAMB2 - FINC - APOA1",12,"CC"
"immune system process","GO:0002376","IGHM - FIBB - HPT - TRFL - FIBA - IGHA1 - KV401 - IGHG2 - KV320 - CD5L - PSA1 - KV315",12,"BP"
"RNA binding","GO:0003723","H4 - ASSY - VIME - FAS - RTN4 - ANXA2 - PSA6 - PGS2 - RS27A - K1C18 - TERA",11,"MF"
"hydrolase activity","GO:0016787","ACTH - TRFL - ELNE - TBA1C - FAS - ACTC - EHD2 - TBA4A - HYEP - PSB6 - TERA",11,"MF"
"protein-containing complex","GO:0032991","H4 - H33 - ALBU - CRYAB - TRFL - CO6A2 - CO6A1 - CATA - CAV1 - TBB5 - TERA",11,"CC"
"structural molecule activity","GO:0005198","FIBB - CRYAB - FIBG - FIBA - TBA1C - K1C9 - K1C10 - LAMB1 - LAMB2 - TBB5 - K1C18",11,"MF"
"extracellular matrix structural constituent","GO:0005201","FIBB - FIBG - FIBA - LAMC1 - LAMA4 - LAMB1 - NID1 - LAMB2 - VWF - FINC",10,"MF"
"mitochondrion","GO:0005739","CRYAB - ASSY - CO6A1 - CATA - PSA6 - AT2A1 - PSB4 - LDHB - PSB6 - LDHA",10,"CC"
"proteasome complex","GO:0000502","PSA6 - PSA7 - PSA4 - PSA1 - PSB4 - PSA5 - PSB6 - PSB2 - PSB1 - TERA",10,"CC"
"proteasome-mediated ubiquitin-dependent protein catabolic process","GO:0043161","PSA6 - PSA7 - PSA4 - PSA1 - PSB4 - PSA5 - PSB6 - PSB2 - PSB1 - TERA",10,"BP"
"adaptive immune response","GO:0002250","IGHM - FIBB - FIBA - IGHA1 - KV401 - IGHG2 - KV320 - IGJ - KV315",9,"BP"
"basement membrane","GO:0005604","CO6A1 - ANXA2 - PGBM - LAMC1 - LAMA4 - LAMB1 - NID1 - LAMB2 - FINC",9,"CC"
"calcium ion binding","GO:0005509","MYL1 - AOC3 - ANXA2 - PGBM - EHD2 - AT2A1 - NID1 - CSPG2 - ANXA5",9,"MF"
"inflammatory response","GO:0006954","HBB - HBA - HPT - AOC3 - CO6A1 - FAS - PGBM - CD5L - CAP7",9,"BP"
"oxidoreductase activity","GO:0016491","FRIH - PERM - AOC3 - FAS - CATA - ADH1G - LDHB - LDHA - ADH1B",9,"MF"
"proteasome core complex","GO:0005839","PSA6 - PSA7 - PSA4 - PSA1 - PSB4 - PSA5 - PSB6 - PSB2 - PSB1",9,"CC"
"protein heterodimerization activity","GO:0046982","H2AX - H4 - H37 - H33 - AOC3 - K2C1 - TPM1 - K1C10 - CAV1",9,"MF"
"proteolysis involved in protein catabolic process","GO:0051603","PSA6 - PSA7 - PSA4 - PSA1 - PSB4 - PSA5 - PSB6 - PSB2 - PSB1",9,"BP"
"signaling receptor binding","GO:0005102","FIBB - A2MG - FIBG - FIBA - LAMA4 - CAV1 - FINC - MYO1C - APOA1",9,"MF"
"negative regulation of apoptotic process","GO:0043066","CRYAB - PERM - TRFL - CATA - ACTC - ANXA5 - K1C18 - CAP7",8,"BP"
"synapse","GO:0045202","FIBB - ACTBL - RTN4 - ACTC - CSPG2 - LAMB2 - RS27A - TERA",8,"CC"
"antigen binding","GO:0003823","IGHM - IGHA1 - KV401 - IGHG2 - KV320 - IGJ - KV315",7,"MF"
"azurophil granule lumen","GO:0035578","FRIL - PERM - ELNE - ANXA2 - TBB5 - TERA - CAP7",7,"CC"
"enzyme binding","GO:0019899","H2AX - A2MG - CATA - TBA4A - LAMB1 - CAV1 - APOA1",7,"MF"
"ficolin-1-rich granule lumen","GO:1904813","HBB - FRIH - K2C1 - CATA - PSA5 - PSB1 - TERA",7,"CC"
"immune response","GO:0006955","IGHM - FRIH - IGHA1 - KV401 - KV320 - IGJ - KV315",7,"BP"
"myofibril","GO:0030016","MYL1 - MYH4 - MYH8 - MYH13 - MYH1 - CO6A1 - PSA6",7,"CC"
"platelet alpha granule lumen","GO:0031093","FIBB - ALBU - A2MG - FIBG - FIBA - VWF - FINC",7,"CC"
"protein homodimerization activity","GO:0042803","CRYAB - CATA - TPM1 - RTN4 - AT2A1 - IGJ - APOA1",7,"MF"
"structural constituent of cytoskeleton","GO:0005200","VIME - TBA1C - TPM1 - K1C9 - TBA4A - TBB5 - TBB6",7,"MF"
"DNA binding","GO:0003677","H2AX - H4 - H37 - H33 - ALBU - TRFL",6,"MF"
"actin binding","GO:0003779","MYH4 - MYH8 - MYH13 - MYH1 - TPM1 - MYO1C",6,"MF"
"actin filament binding","GO:0051015","MYH4 - MYH8 - MYH13 - MYH1 - TPM1 - MYO1C",6,"MF"
"antibacterial humoral response","GO:0019731","IGHM - TRFL - IGHA1 - IGHG2 - KV320 - IGJ",6,"BP"
"cell-matrix adhesion","GO:0007160","FIBB - FIBG - FIBA - ANXA2 - NID1 - FINC",6,"BP"
"cilium","GO:0005929","TBA1C - ADH1G - PSA6 - TBA4A - CAV1 - ADH1B",6,"CC"
"cytoplasmic vesicle","GO:0031410","FRIL - FRIH - ELNE - CAV1 - MYO1C - APOA1",6,"CC"
"endoplasmic reticulum membrane","GO:0005789","RTN4 - AT2A1 - HYEP - RS27A - CAV1 - TERA",6,"CC"
"focal adhesion","GO:0005925","VIME - CATA - PGBM - ACTC - ANXA5 - CAV1",6,"CC"
"immunoglobulin complex","GO:0019814","IGHM - IGHA1 - KV401 - IGHG2 - KV320 - KV315",6,"CC"
"microfilament motor activity","GO:0000146","MYH4 - MYH8 - MYH13 - MYH1 - ACTC - MYO1C",6,"MF"
"muscle contraction","GO:0006936","MYL1 - MYH4 - MYH8 - MYH13 - CRYAB - MYH1",6,"BP"
"myosin complex","GO:0016459","MYL1 - MYH4 - MYH8 - MYH13 - MYH1 - MYO1C",6,"CC"
"perinuclear region of cytoplasm","GO:0048471","EHD2 - AT2A1 - LAMB1 - CAV1 - K1C18 - TERA",6,"CC"
"positive regulation of cell adhesion","GO:0045785","TPM1 - LAMC1 - LAMB1 - NID1 - LAMB2 - CAP7",6,"BP"
"sarcomere","GO:0030017","MYL1 - MYH4 - MYH8 - TPM1 - PSA6 - ACTC",6,"CC"
"ubiquitin-dependent protein catabolic process","GO:0006511","PSA6 - PSA7 - PSA4 - PSA1 - PSA5 - TERA",6,"BP"
"ATP hydrolysis activity","GO:0016887","MYH4 - MYH8 - AT2A1 - KATL2 - TERA",5,"MF"
"GTP binding","GO:0005525","TBA1C - EHD2 - TBA4A - TBB5 - TBB6",5,"MF"
"Golgi apparatus","GO:0005794","ALBU - ELNE - AOC3 - FAS - CAV1",5,"CC"
"actin cytoskeleton","GO:0015629","ACTH - ACTBL - TPM1 - ACTC - MYO1C",5,"CC"
"blood coagulation","GO:0007596","FIBB - FIBG - FIBA - ANXA5 - VWF",5,"BP"
"calmodulin binding","GO:0005516","MYH4 - MYH8 - MYH13 - MYH1 - MYO1C",5,"MF"
"catalytic activity","GO:0003824","KCRM - FAS - HYEP - LDHB - LDHA",5,"MF"
"cellular oxidant detoxification","GO:0098869","HBB - HBA - ALBU - HPT - CATA",5,"BP"
"collagen binding","GO:0005518","CO6A2 - CO6A1 - NID1 - VWF - FINC",5,"MF"
"cytoskeletal motor activity","GO:0003774","MYH4 - MYH8 - MYH13 - MYH1 - MYO1C",5,"MF"
"defense response to bacterium","GO:0042742","HPT - PERM - TRFL - ELNE - CAP7",5,"BP"
"early endosome","GO:0005769","TRFL - AOC3 - ANXA2 - EHD2 - APOA1",5,"CC"
"extracellular vesicle","GO:1903561","FIBB - CO6A2 - FIBA - CO6A3 - APOA1",5,"CC"
"fibrinolysis","GO:0042730","FIBB - FIBG - K2C1 - FIBA - ANXA2",5,"BP"
"hemostasis","GO:0007599","FIBB - FIBG - FIBA - ANXA5 - VWF",5,"BP"
"heparin binding","GO:0008201","PERM - TRFL - ELNE - FINC - CAP7",5,"MF"
"intermediate filament","GO:0005882","VIME - K2C1 - K1C9 - K1C10 - K1C18",5,"CC"
"lipid metabolic process","GO:0006629","FAS - PGBM - HYEP - APOA1 - ADH1B",5,"BP"
"lysosome","GO:0005764","FRIL - FRIH - CRYAB - PERM - CO6A1",5,"CC"
"membrane raft","GO:0045121","ANXA2 - CAV1 - LDHB - MYO1C - TBB5",5,"CC"
"microtubule","GO:0005874","TBA1C - TBA4A - KATL2 - TBB5 - TBB6",5,"CC"
"microtubule cytoskeleton","GO:0015630","TBA1C - TBA4A - KATL2 - TBB5 - TBB6",5,"CC"
"muscle myosin complex","GO:0005859","MYL1 - MYH4 - MYH8 - MYH13 - MYH1",5,"CC"
"myosin II complex","GO:0016460","MYL1 - MYH4 - MYH8 - MYH13 - MYH1",5,"CC"
"myosin filament","GO:0032982","MYH4 - MYH8 - ACTH - MYH13 - MYH1",5,"CC"
"osteoblast differentiation","GO:0001649","H33 - CO6A1 - FAS - CATA - CSPG2",5,"BP"
"positive regulation of gene expression","GO:0010628","ACTH - VIME - ACTC - CAV1 - FINC",5,"BP"
"protease binding","GO:0002020","A2MG - ELNE - ANXA2 - VWF - FINC",5,"MF"
"proteasome core complex, alpha-subunit complex","GO:0019773","PSA6 - PSA7 - PSA4 - PSA1 - PSA5",5,"CC"
"protein-containing complex assembly","GO:0065003","FIBB - FIBG - FIBA - LAMC1 - IGJ",5,"BP"
"proteolysis","GO:0006508","HPT - TRFL - ELNE - PSB6 - CAP7",5,"BP"
"response to UV","GO:0009411","ELNE - CO6A2 - CO6A1 - CATA - CO6A3",5,"BP"
"response to xenobiotic stimulus","GO:0009410","ASSY - CO6A1 - CATA - PGBM - ACTC",5,"BP"
"secretory granule lumen","GO:0034774","CATA - PSA5 - APOA1 - PSB1 - TERA",5,"CC"
"actin filament","GO:0005884","ACTBL - TPM1 - ACTC - MYO1C",4,"CC"
"angiogenesis","GO:0001525","ANXA2 - PGBM - CAV1 - FINC",4,"BP"
"blood coagulation, fibrin clot formation","GO:0072378","FIBB - FIBG - FIBA - FINC",4,"BP"
"cadherin binding","GO:0045296","FAS - RTN4 - PSB6 - LDHA",4,"MF"
"cell periphery","GO:0071944","ACTH - NID1 - VWF - K1C18",4,"CC"
"cell projection","GO:0042995","VIME - RTN4 - CSPG2 - MYO1C",4,"CC"
"chromosome","GO:0005694","H2AX - H4 - H37 - H33",4,"CC"
"ciliary basal body","GO:0036064","ADH1G - PSB4 - ADH1B - TERA",4,"CC"
"endocytic vesicle lumen","GO:0071682","HBB - HBA - HPT - APOA1",4,"CC"
"fibrinogen complex","GO:0005577","FIBB - FIBG - FIBA - FINC",4,"CC"
"glutamatergic synapse","GO:0098978","ACTBL - RTN4 - ACTC - TERA",4,"CC"
"heme binding","GO:0020037","HBB - HBA - PERM - CATA",4,"MF"
"hydrogen peroxide catabolic process","GO:0042744","HBB - HBA - PERM - CATA",4,"BP"
"immunoglobulin receptor binding","GO:0034987","IGHM - IGHA1 - IGHG2 - IGJ",4,"MF"
"innate immune response","GO:0045087","IGHM - FIBB - FIBA - IGJ",4,"BP"
"integrin binding","GO:0005178","LAMB1 - LAMB2 - VWF - FINC",4,"MF"
"intermediate filament organization","GO:0045109","VIME - K2C1 - K1C9 - K1C10",4,"BP"
"iron ion binding","GO:0005506","FRIL - HBA - FRIH - TRFL",4,"MF"
"keratin filament","GO:0045095","K2C1 - K1C9 - K1C10 - K1C18",4,"CC"
"microtubule cytoskeleton organization","GO:0000226","TBA1C - TBA4A - TBB5 - TBB6",4,"BP"
"microtubule-based process","GO:0007017","TBA1C - TBA4A - TBB5 - TBB6",4,"BP"
"mitotic cell cycle","GO:0000278","TBA1C - TBA4A - TBB5 - TBB6",4,"BP"
"muscle filament sliding","GO:0030049","MYL1 - MYH4 - MYH8 - TPM1",4,"BP"
"nucleosome","GO:0000786","H2AX - H4 - H37 - H33",4,"CC"
"peptidase activity","GO:0008233","TRFL - ELNE - PSB6 - CAP7",4,"MF"
"peroxidase activity","GO:0004601","HBB - HBA - PERM - CATA",4,"MF"
"platelet activation","GO:0030168","FIBB - FIBG - FIBA - VWF",4,"BP"
"platelet alpha granule","GO:0031091","FIBB - FIBG - FIBA - VWF",4,"CC"
"positive regulation of exocytosis","GO:0045921","FIBB - FIBG - FIBA - ANXA2",4,"BP"
"positive regulation of integrin-mediated signaling pathway","GO:2001046","LAMC1 - LAMB1 - NID1 - LAMB2",4,"BP"
"positive regulation of muscle cell differentiation","GO:0051149","LAMC1 - LAMB1 - NID1 - LAMB2",4,"BP"
"positive regulation of phosphatidylinositol 3-kinase/protein kinase B signal transduction","GO:0051897","CATA - RTN4 - PGS2 - FINC",4,"BP"
"positive regulation of substrate adhesion-dependent cell spreading","GO:1900026","FIBB - FIBG - FIBA - APOA1",4,"BP"
"positive regulation of vasoconstriction","GO:0045907","FIBB - FIBG - FIBA - CAV1",4,"BP"
"proteasome core complex, beta-subunit complex","GO:0019774","PSB4 - PSB6 - PSB2 - PSB1",4,"CC"
"protein complex involved in cell-matrix adhesion","GO:0098637","LAMC1 - LAMB1 - NID1 - LAMB2",4,"CC"
"protein domain specific binding","GO:0019904","VIME - EHD2 - TBB5 - TERA",4,"MF"
"protein-containing complex binding","GO:0044877","CRYAB - CAV1 - TBB5 - TERA",4,"MF"
"protein-macromolecule adaptor activity","GO:0030674","FIBA - EHD2 - CAV1 - IGJ",4,"MF"
"regulation of basement membrane organization","GO:0110011","LAMC1 - LAMB1 - NID1 - LAMB2",4,"BP"
"response to calcium ion","GO:0051592","FIBB - FIBG - FIBA - CAV1",4,"BP"
"response to hypoxia","GO:0001666","CRYAB - CATA - PGBM - CAV1",4,"BP"
"response to lipopolysaccharide","GO:0032496","ASSY - PERM - ELNE - CO6A1",4,"BP"
"response to toxic substance","GO:0009636","ASSY - CO6A1 - CATA - HYEP",4,"BP"
"serine-type endopeptidase activity","GO:0004252","HPT - TRFL - ELNE - CAP7",4,"MF"
"spermatogenesis","GO:0007283","H2AX - H33 - K1C9 - MEIOC",4,"BP"
"structural constituent of chromatin","GO:0030527","H2AX - H4 - H37 - H33",4,"MF"
"tertiary granule lumen","GO:1904724","HBB - FRIH - HPT - TRFL",4,"CC"
"ubiquitin protein ligase binding","GO:0031625","RTN4 - RS27A - TBB5 - TERA",4,"MF"
"ATP metabolic process","GO:0046034","MYH4 - MYH8 - TERA",3,"BP"
"B cell receptor signaling pathway","GO:0050853","IGHM - IGHA1 - IGHG2",3,"BP"
"Golgi lumen","GO:0005796","PGBM - PGS2 - CSPG2",3,"CC"
"I band","GO:0031674","CRYAB - ACTC - AT2A1",3,"CC"
"actin filament organization","GO:0007015","TPM1 - ACTC - MYO1C",3,"BP"
"actin filament-based movement","GO:0030048","MYH4 - ACTC - MYO1C",3,"BP"
"acute-phase response","GO:0006953","HPT - ASSY - FINC",3,"BP"
"amyloid-beta binding","GO:0001540","CRYAB - PGBM - APOA1",3,"MF"
"anatomical structure morphogenesis","GO:0009653","CO6A1 - LAMB1 - K1C18",3,"BP"
"antioxidant activity","GO:0016209","ALBU - HPT - CATA",3,"MF"
"apoptotic process","GO:0006915","CO6A1 - RTN4 - CD5L",3,"BP"
"autophagy","GO:0006914","CO6A1 - FINC - TERA",3,"BP"
"axon","GO:0030424","CRYAB - ACTBL - VIME",3,"CC"
"basement membrane organization","GO:0071711","CO6A1 - NID1 - CAV1",3,"BP"
"brain development","GO:0007420","RTN4 - PGBM - UGPA",3,"BP"
"cell adhesion molecule binding","GO:0050839","FIBB - FIBG - FIBA",3,"MF"
"cell body","GO:0044297","ACTH - ACTC - TBB5",3,"CC"
"cell cortex","GO:0005938","FIBB - CAV1 - MYO1C",3,"CC"
"cell differentiation","GO:0030154","CO6A1 - PGBM - CAV1",3,"BP"
"cellular response to starvation","GO:0009267","MYH13 - ALBU - CAV1",3,"BP"
"cellular response to type II interferon","GO:0071346","ASSY - VIME - MYO1C",3,"BP"
"chromosome, telomeric region","GO:0000781","H2AX - H4 - H33",3,"CC"
"collagen trimer","GO:0005581","CO6A2 - CO6A1 - CO6A3",3,"CC"
"collagen type VI trimer","GO:0005589","CO6A2 - CO6A1 - CO6A3",3,"CC"
"cornified envelope","GO:0001533","K2C1 - ANXA2 - K1C10",3,"CC"
"cytoskeletal protein binding","GO:0008092","CRYAB - TPM1 - ANXA2",3,"MF"
"defense response","GO:0006952","IGHM - HPT - PERM",3,"BP"
"defense response to Gram-negative bacterium","GO:0050829","IGHM - TRFL - CAP7",3,"BP"
"double-strand break repair","GO:0006302","H2AX - MEIOC - TERA",3,"BP"
"embryo implantation","GO:0007566","H33 - PGBM - LAMB1",3,"BP"
"endodermal cell differentiation","GO:0035987","CO6A1 - LAMB1 - FINC",3,"BP"
"endopeptidase activity","GO:0004175","ELNE - PSA6 - PSB6",3,"MF"
"endosome","GO:0005768","ANXA2 - EHD2 - CAV1",3,"CC"
"extracellular matrix structural constituent conferring compression resistance","GO:0030021","PGBM - PGS2 - CSPG2",3,"MF"
"extracellular matrix structural constituent conferring tensile strength","GO:0030020","CO6A2 - CO6A1 - CO6A3",3,"MF"
"glomerular filtration","GO:0003094","IGHA1 - KV320 - IGJ",3,"BP"
"haptoglobin-hemoglobin complex","GO:0031838","HBB - HBA - HPT",3,"CC"
"intracellular calcium ion homeostasis","GO:0006874","ELNE - AT2A1 - CAV1",3,"BP"
"iron ion transport","GO:0006826","FRIL - FRIH - TRFL",3,"BP"
"lipid binding","GO:0008289","ALBU - APOA1 - TERA",3,"MF"
"lipid droplet","GO:0005811","ANXA2 - CAV1 - TERA",3,"CC"
"lipopolysaccharide binding","GO:0001530","TRFL - PSA1 - PSB4",3,"MF"
"lysosomal lumen","GO:0043202","PGBM - PGS2 - CSPG2",3,"CC"
"monomeric IgA immunoglobulin complex","GO:0071748","IGHA1 - KV320 - IGJ",3,"CC"
"muscle organ development","GO:0007517","CRYAB - CO6A1 - CO6A3",3,"BP"
"negative regulation of cell population proliferation","GO:0008285","FRIH - PGBM - CAV1",3,"BP"
"negative regulation of endothelial cell apoptotic process","GO:2000352","FIBB - FIBG - FIBA",3,"BP"
"negative regulation of extrinsic apoptotic signaling pathway via death domain receptors","GO:1902042","FIBB - FIBG - FIBA",3,"BP"
"negative regulation of inflammatory response","GO:0050728","ELNE - K2C1 - APOA1",3,"BP"
"neuron apoptotic process","GO:0051402","CO6A2 - CO6A1 - CO6A3",3,"BP"
"neuron projection","GO:0043005","VIME - RTN4 - PGBM",3,"CC"
"neuron projection development","GO:0031175","VIME - LAMB1 - LAMB2",3,"BP"
"nucleolus","GO:0005730","RS27A - MYO1C - K1C18",3,"CC"
"nucleosome assembly","GO:0006334","H2AX - H4 - H33",3,"BP"
"oxygen binding","GO:0019825","HBB - HBA - ALBU",3,"MF"
"pentameric IgM immunoglobulin complex","GO:0071756","IGHM - KV320 - IGJ",3,"CC"
"phagocytic vesicle","GO:0045335","ELNE - VIME - MYO1C",3,"CC"
"phosphatidylinositol 3-kinase/protein kinase B signal transduction","GO:0043491","CO6A2 - CO6A1 - CO6A3",3,"BP"
"plasminogen activation","GO:0031639","FIBB - FIBG - FIBA",3,"BP"
"positive regulation of canonical NF-kappaB signal transduction","GO:0043123","TRFL - PSA6 - CAV1",3,"BP"
"positive regulation of cell migration","GO:0030335","LAMB1 - CAV1 - MYO1C",3,"BP"
"positive regulation of heterotypic cell-cell adhesion","GO:0034116","FIBB - FIBG - FIBA",3,"BP"
"positive regulation of peptide hormone secretion","GO:0090277","FIBB - FIBG - FIBA",3,"BP"
"positive regulation of protein secretion","GO:0050714","FIBB - FIBG - FIBA",3,"BP"
"positive regulation of transcription by RNA polymerase II","GO:0045944","ANXA2 - PGS2 - MYO1C",3,"BP"
"protein kinase binding","GO:0019901","ACTBL - TBA4A - CAV1",3,"MF"
"protein polymerization","GO:0051258","FIBB - FIBG - FIBA",3,"BP"
"protein stabilization","GO:0050821","CRYAB - RTN4 - APOA1",3,"BP"
"protein-folding chaperone binding","GO:0051087","FIBB - ALBU - VWF",3,"MF"
"response to activity","GO:0014823","CO6A1 - CATA - ANXA2",3,"BP"
"response to estradiol","GO:0032355","CRYAB - ASSY - CATA",3,"BP"
"response to ethanol","GO:0045471","ACTH - CATA - ACTC",3,"BP"
"response to oxidative stress","GO:0006979","PERM - K2C1 - CATA",3,"BP"
"response to wounding","GO:0009611","CO6A1 - VWF - FINC",3,"BP"
"secretory IgA immunoglobulin complex","GO:0071751","IGHA1 - KV320 - IGJ",3,"CC"
"secretory granule","GO:0030141","PERM - TRFL - ELNE",3,"CC"
"serine-type endopeptidase inhibitor activity","GO:0004867","A2MG - CO6A3 - ANXA2",3,"MF"
"specific granule lumen","GO:0035580","HPT - TRFL - ELNE",3,"CC"
"structural constituent of muscle","GO:0008307","MYL1 - MYH8 - TPM1",3,"MF"
"structural constituent of skin epidermis","GO:0030280","K2C1 - K1C9 - K1C10",3,"MF"
"substrate adhesion-dependent cell spreading","GO:0034446","LAMC1 - LAMB1 - FINC",3,"BP"
"tissue development","GO:0009888","CO6A1 - FAS - LAMC1",3,"BP"
"toxic substance binding","GO:0015643","ALBU - ASSY - CAP7",3,"MF"
"transferase activity","GO:0016740","KCRM - FAS - UGPA",3,"MF"
"vesicle","GO:0031982","TBA1C - ANXA2 - RS27A",3,"CC"
"zinc ion binding","GO:0008270","ADH1G - RS27A - ADH1B",3,"MF"
"DNA damage response","GO:0006974","H2AX - TERA",2,"BP"
"DNA repair","GO:0006281","H2AX - TERA",2,"BP"
"GTPase activity","GO:0003924","TBB5 - TBB6",2,"MF"
"IgG immunoglobulin complex","GO:0071735","IGHA1 - IGHG2",2,"CC"
"L-lactate dehydrogenase activity","GO:0004459","LDHB - LDHA",2,"MF"
"MHC class I protein binding","GO:0042288","TBB5 - TERA",2,"MF"
"P-body","GO:0000932","PSA6 - PSA4",2,"CC"
"adherens junction","GO:0005912","ANXA2 - K1C18",2,"CC"
"alcohol dehydrogenase (NAD+) activity","GO:0004022","ADH1G - ADH1B",2,"MF"
"all-trans-retinol dehydrogenase (NAD+) activity","GO:0004745","ADH1G - ADH1B",2,"MF"
"astrocyte development","GO:0014002","VIME - LAMB2",2,"BP"
"autolysosome","GO:0044754","FRIL - FRIH",2,"CC"
"autophagosome","GO:0005776","FRIL - FRIH",2,"CC"
"azurophil granule","GO:0042582","PERM - CAP7",2,"CC"
"calcium ion transport","GO:0006816","AT2A1 - CAV1",2,"BP"
"calcium-dependent phospholipid binding","GO:0005544","ANXA2 - ANXA5",2,"MF"
"calcium-dependent protein binding","GO:0048306","A2MG - ANXA2",2,"MF"
"canonical Wnt signaling pathway","GO:0060070","CO6A1 - CAV1",2,"BP"
"carbohydrate binding","GO:0030246","K2C1 - CSPG2",2,"MF"
"carbon dioxide transport","GO:0015670","HBB - HBA",2,"BP"
"carboxylic acid metabolic process","GO:0019752","LDHB - LDHA",2,"BP"
"cardiac muscle contraction","GO:0060048","TPM1 - ACTC",2,"BP"
"caveola","GO:0005901","EHD2 - CAV1",2,"CC"
"caveola assembly","GO:0070836","CO6A1 - CAV1",2,"BP"
"cell division","GO:0051301","TBA1C - TBB5",2,"BP"
"cell migration","GO:0016477","LAMC1 - LAMB1",2,"BP"
"cell morphogenesis","GO:0000902","CO6A1 - LAMB2",2,"BP"
"cell population proliferation","GO:0008283","H33 - CAV1",2,"BP"
"cell-cell adhesion","GO:0098609","ANXA2 - K1C18",2,"BP"
"cellular defense response","GO:0006968","CD5L - LG3BP",2,"BP"
"cellular response to amino acid stimulus","GO:0071230","ASSY - CO6A1",2,"BP"
"cellular response to lipopolysaccharide","GO:0071222","ASSY - VIME",2,"BP"
"cellular response to misfolded protein","GO:0071218","CAV1 - TERA",2,"BP"
"centrosome","GO:0005813","H2AX - PSA1",2,"CC"
"cholesterol binding","GO:0015485","CAV1 - APOA1",2,"MF"
"cholesterol metabolic process","GO:0008203","CATA - APOA1",2,"BP"
"cholesterol transport","GO:0030301","CAV1 - APOA1",2,"BP"
"chromatin","GO:0000785","H2AX - H33",2,"CC"
"circadian rhythm","GO:0007623","ASSY - CO6A1",2,"BP"
"collagen fibril organization","GO:0030199","CO6A1 - ANXA2",2,"BP"
"complement activation, classical pathway","GO:0006958","IGHA1 - IGHG2",2,"BP"
"contractile muscle fiber","GO:0043292","MYL1 - CRYAB",2,"CC"
"copper ion binding","GO:0005507","ALBU - AOC3",2,"MF"
"cytoplasmic ribonucleoprotein granule","GO:0036464","MYH1 - TBB5",2,"CC"
"cytoskeleton-dependent intracellular transport","GO:0030705","TBA1C - TBB5",2,"BP"
"defense response to fungus","GO:0050832","PERM - ELNE",2,"BP"
"double-stranded RNA binding","GO:0003725","MYH4 - VIME",2,"MF"
"endocytic vesicle","GO:0030139","EHD2 - APOA1",2,"CC"
"endocytic vesicle membrane","GO:0030666","RS27A - CAV1",2,"CC"
"endocytosis","GO:0006897","EHD2 - MYO1C",2,"BP"
"endoplasmic reticulum-Golgi intermediate compartment","GO:0005793","AT2A1 - FINC",2,"CC"
"endosome membrane","GO:0010008","EHD2 - RS27A",2,"CC"
"endothelial cell proliferation","GO:0001935","CAV1 - APOA1",2,"BP"
"erythrocyte development","GO:0048821","HBB - HBA",2,"BP"
"extracellular matrix binding","GO:0050840","PGS2 - NID1",2,"MF"
"extracellular matrix disassembly","GO:0022617","ELNE - LAMC1",2,"BP"
"ferric iron binding","GO:0008199","FRIL - FRIH",2,"MF"
"ferrous iron binding","GO:0008198","FRIL - FRIH",2,"MF"
"filopodium","GO:0030175","ACTH - ACTC",2,"CC"
"glial cell migration","GO:0008347","CSPG2 - CAP7",2,"BP"
"glycolytic process","GO:0006096","CO6A1 - LDHA",2,"BP"
"glycosaminoglycan binding","GO:0005539","PGS2 - CSPG2",2,"MF"
"haptoglobin binding","GO:0031720","HBB - HBA",2,"MF"
"heart development","GO:0007507","CO6A1 - FINC",2,"BP"
"hemoglobin binding","GO:0030492","HBB - HPT",2,"MF"
"hemoglobin complex","GO:0005833","HBB - HBA",2,"CC"
"humoral immune response","GO:0006959","TRFL - IGJ",2,"BP"
"immunoglobulin complex, circulating","GO:0042571","IGHA1 - IGHG2",2,"CC"
"induction of bacterial agglutination","GO:0043152","FIBB - FIBA",2,"BP"
"integrin-mediated signaling pathway","GO:0007229","FINC - APOA1",2,"BP"
"intercellular bridge","GO:0045171","TBB5 - TBB6",2,"CC"
"intracellular iron ion homeostasis","GO:0006879","FRIL - FRIH",2,"BP"
"kidney development","GO:0001822","ASSY - CATA",2,"BP"
"lactate dehydrogenase activity","GO:0004457","LDHB - LDHA",2,"MF"
"lactate metabolic process","GO:0006089","LDHB - LDHA",2,"BP"
"lamellipodium","GO:0030027","ACTH - ACTC",2,"CC"
"laminin complex","GO:0043256","LAMB1 - LAMB2",2,"CC"
"laminin-1 complex","GO:0005606","LAMC1 - LAMB1",2,"CC"
"laminin-10 complex","GO:0043259","LAMC1 - LAMB1",2,"CC"
"laminin-11 complex","GO:0043260","LAMC1 - LAMB2",2,"CC"
"leukocyte migration involved in inflammatory response","GO:0002523","ELNE - RTN4",2,"BP"
"lipid storage","GO:0019915","CAV1 - APOA1",2,"BP"
"lung development","GO:0030324","CO6A1 - ANXA2",2,"BP"
"lysosomal membrane","GO:0005765","CO6A1 - ANXA2",2,"CC"
"mammary gland development","GO:0030879","FAS - CAV1",2,"BP"
"meiotic cell cycle","GO:0051321","H2AX - MEIOC",2,"BP"
"mesenchyme migration","GO:0090131","ACTH - ACTC",2,"BP"
"microtubule binding","GO:0008017","CRYAB - KATL2",2,"MF"
"microtubule organizing center","GO:0005815","VIME - K1C18",2,"CC"
"microvillus","GO:0005902","AOC3 - MYO1C",2,"CC"
"mitochondrial outer membrane","GO:0005741","ASSY - RS27A",2,"CC"
"mitotic spindle","GO:0072686","TBB5 - TBB6",2,"CC"
"molecular adaptor activity","GO:0060090","VIME - CAV1",2,"MF"
"monoatomic ion transport","GO:0006811","TRFL - AT2A1",2,"BP"
"morphogenesis of an epithelium","GO:0002009","K1C9 - K1C10",2,"BP"
"negative regulation of angiogenesis","GO:0016525","PGBM - PGS2",2,"BP"
"negative regulation of cell adhesion","GO:0007162","PGBM - LAMB1",2,"BP"
"negative regulation of cell growth","GO:0030308","CRYAB - RTN4",2,"BP"
"negative regulation of fibroblast proliferation","GO:0048147","FRIH - CAV1",2,"BP"
"negative regulation of inflammatory response to antigenic stimulus","GO:0002862","PSA1 - PSB4",2,"BP"
"negative regulation of transcription by RNA polymerase II","GO:0000122","ELNE - CAV1",2,"BP"
"nervous system development","GO:0007399","RTN4 - FINC",2,"BP"
"nitric oxide transport","GO:0030185","HBB - HBA",2,"BP"
"ossification","GO:0001503","TRFL - CO6A1",2,"BP"
"oxidoreductase activity, acting on the CH-OH group of donors, NAD or NADP as acceptor","GO:0016616","LDHB - LDHA",2,"MF"
"oxidoreductase complex","GO:1990204","LDHB - LDHA",2,"CC"
"oxygen carrier activity","GO:0005344","HBB - HBA",2,"MF"
"oxygen transport","GO:0015671","HBB - HBA",2,"BP"
"oxysterol binding","GO:0008142","HYEP - CAV1",2,"MF"
"peptidase activator activity","GO:0016504","CAV1 - FINC",2,"MF"
"peptidase inhibitor activity","GO:0030414","A2MG - CO6A3",2,"MF"
"peptidoglycan binding","GO:0042834","IGHM - IGJ",2,"MF"
"perikaryon","GO:0043204","CRYAB - ASSY",2,"CC"
"peroxisome","GO:0005777","VIME - CATA",2,"CC"
"phagocytic vesicle lumen","GO:0097013","PERM - TRFL",2,"CC"
"phosphatidylcholine binding","GO:0031210","IGHM - IGJ",2,"MF"
"phosphatidylserine binding","GO:0001786","ANXA2 - ANXA5",2,"MF"
"phospholipase inhibitor activity","GO:0004859","ANXA2 - ANXA5",2,"MF"
"phospholipid binding","GO:0005543","ANXA5 - APOA1",2,"MF"
"plasma membrane protein complex","GO:0098797","ANXA2 - PGBM",2,"CC"
"positive regulation of epithelial cell proliferation","GO:0050679","LAMC1 - LAMB1",2,"BP"
"positive regulation of nitric oxide biosynthetic process","GO:0045429","HBB - ASSY",2,"BP"
"positive regulation of phagocytosis","GO:0050766","APOA1 - CAP7",2,"BP"
"positive regulation of respiratory burst","GO:0060267","IGHA1 - IGJ",2,"BP"
"positive regulation of stress fiber assembly","GO:0051496","TPM1 - APOA1",2,"BP"
"proteasomal protein catabolic process","GO:0010498","PSB2 - TERA",2,"BP"
"protein heterotetramerization","GO:0051290","K2C1 - K1C10",2,"BP"
"protein ubiquitination","GO:0016567","RS27A - TERA",2,"BP"
"proteoglycan binding","GO:0043394","NID1 - FINC",2,"MF"
"pyruvate catabolic process","GO:0042867","LDHB - LDHA",2,"BP"
"receptor ligand activity","GO:0048018","FINC - APOA1",2,"MF"
"regulation of apoptotic process","GO:0042981","RTN4 - TERA",2,"BP"
"regulation of cell migration","GO:0030334","RTN4 - LAMA4",2,"BP"
"regulation of cell shape","GO:0008360","TPM1 - FINC",2,"BP"
"regulation of synapse organization","GO:0050807","TBB5 - TERA",2,"BP"
"response to fatty acid","GO:0070542","ASSY - CATA",2,"BP"
"response to glucose","GO:0009749","CO6A2 - CO6A3",2,"BP"
"response to mechanical stimulus","GO:0009612","PERM - CO6A1",2,"BP"
"response to muscle activity","GO:0014850","CO6A1 - FINC",2,"BP"
"response to nutrient","GO:0007584","ASSY - FAS",2,"BP"
"response to nutrient levels","GO:0031667","ALBU - FAS",2,"BP"
"response to reactive oxygen species","GO:0000302","CO6A1 - CATA",2,"BP"
"response to yeast","GO:0001878","PERM - ELNE",2,"BP"
"retinoic acid metabolic process","GO:0042573","ADH1G - ADH1B",2,"BP"
"ribosome","GO:0005840","PSA6 - RS27A",2,"CC"
"scaffold protein binding","GO:0097110","VIME - K1C18",2,"MF"
"secretory dimeric IgA immunoglobulin complex","GO:0071752","IGHA1 - IGJ",2,"CC"
"serine-type peptidase activity","GO:0008236","TRFL - ELNE",2,"MF"
"signal transduction","GO:0007165","ANXA5 - LG3BP",2,"BP"
"single fertilization","GO:0007338","H33 - CO6A1",2,"BP"
"single-stranded DNA binding","GO:0003697","IGHM - IGJ",2,"MF"
"site of double-strand break","GO:0035861","H2AX - TERA",2,"CC"
"skeletal muscle tissue development","GO:0007519","CO6A1 - CAV1",2,"BP"
"skin development","GO:0043588","CO6A1 - K1C9",2,"BP"
"small GTPase binding","GO:0031267","CAV1 - MYO1C",2,"MF"
"spermatid development","GO:0007286","H33 - MEIOC",2,"BP"
"structural constituent of eye lens","GO:0005212","CRYAB - VIME",2,"MF"
"telomere organization","GO:0032200","H4 - H33",2,"BP"
"triglyceride metabolic process","GO:0006641","CATA - CAV1",2,"BP"
"vesicle membrane","GO:0012506","ANXA2 - ANXA5",2,"CC"
"wound healing","GO:0042060","TPM1 - FINC",2,"BP"
"(3R)-hydroxyacyl-[acyl-carrier-protein] dehydratase activity","GO:0019171","FAS",1,"MF"
"2-oxoglutarate metabolic process","GO:0006103","CO6A1",1,"BP"
"3-oxoacyl-[acyl-carrier-protein] reductase (NADPH) activity","GO:0004316","FAS",1,"MF"
"3-oxoacyl-[acyl-carrier-protein] synthase activity","GO:0004315","FAS",1,"MF"
"A band","GO:0031672","MYH1",1,"CC"
"ADP binding","GO:0043531","TERA",1,"MF"
"ATPase binding","GO:0051117","CAV1",1,"MF"
"ATPase complex","GO:1904949","TERA",1,"CC"
"AnxA2-p11 complex","GO:1990665","ANXA2",1,"CC"
"BAT3 complex binding","GO:1904288","TERA",1,"MF"
"Barr body","GO:0001740","H33",1,"CC"
"Bergmann glial cell differentiation","GO:0060020","VIME",1,"BP"
"CENP-A containing nucleosome","GO:0043505","H4",1,"CC"
"D-glucose binding","GO:0005536","UGPA",1,"MF"
"DNA damage checkpoint signaling","GO:0000077","H2AX",1,"BP"
"DNA recombination","GO:0006310","H2AX",1,"BP"
"ERAD pathway","GO:0036503","TERA",1,"BP"
"G protein-coupled receptor signaling pathway","GO:0007186","APOA1",1,"BP"
"Golgi to plasma membrane protein transport","GO:0043001","K1C18",1,"BP"
"H zone","GO:0031673","AT2A1",1,"CC"
"IgA binding","GO:0019862","IGJ",1,"MF"
"IgA immunoglobulin complex","GO:0071745","IGHA1",1,"CC"
"IgM B cell receptor complex","GO:0071755","IGHM",1,"CC"
"IgM immunoglobulin complex","GO:0071753","IGHM",1,"CC"
"L-arginine biosynthetic process","GO:0006526","ASSY",1,"BP"
"M band","GO:0031430","CRYAB",1,"CC"
"MAPK cascade","GO:0000165","CAV1",1,"BP"
"NAD binding","GO:0051287","LDHB",1,"MF"
"NAD metabolic process","GO:0019674","LDHB",1,"BP"
"NADH metabolic process","GO:0006734","TERA",1,NA
"NADP binding","GO:0050661","CATA",1,"MF"
"NF-kappaB binding","GO:0051059","PSA6",1,"MF"
"NuA4 histone acetyltransferase complex","GO:0035267","ACTBL",1,"CC"
"P-type calcium transporter activity","GO:0005388","AT2A1",1,"MF"
"PCSK9-AnxA2 complex","GO:1990667","ANXA2",1,"CC"
"RNA polymerase II cis-regulatory region sequence-specific DNA binding","GO:0000978","H33",1,"MF"
"RNA polymerase II core promoter sequence-specific DNA binding","GO:0000979","H33",1,"MF"
"RNA polymerase II transcription regulator complex","GO:0090575","ANXA2",1,"CC"
"S100 protein binding","GO:0044548","ANXA2",1,"MF"
"Schmidt-Lanterman incisure","GO:0043220","ANXA2",1,"CC"
"Schwann cell development","GO:0014044","LAMB2",1,"BP"
"T cell costimulation","GO:0031295","CAV1",1,"BP"
"UDP-alpha-D-glucose metabolic process","GO:0006011","UGPA",1,"BP"
"UDP-glucuronate biosynthetic process","GO:0006065","UGPA",1,"BP"
"UTP-monosaccharide-1-phosphate uridylyltransferase activity","GO:0051748","UGPA",1,"MF"
"UTP:glucose-1-phosphate uridylyltransferase activity","GO:0003983","UGPA",1,"MF"
"VCP-NPL4-UFD1 AAA ATPase complex","GO:0034098","TERA",1,"CC"
"VCP-NSFL1C complex","GO:1990730","TERA",1,"CC"
"Weibel-Palade body","GO:0033093","VWF",1,"CC"
"XY body","GO:0001741","H2AX",1,"CC"
"Z disc","GO:0030018","CRYAB",1,"CC"
"[acyl-carrier-protein] S-acetyltransferase activity","GO:0004313","FAS",1,"MF"
"[acyl-carrier-protein] S-malonyltransferase activity","GO:0004314","FAS",1,"MF"
"acetyl-CoA metabolic process","GO:0006084","FAS",1,"BP"
"acrosomal membrane","GO:0002080","CAV1",1,"CC"
"actin filament bundle","GO:0032432","CRYAB",1,"CC"
"actin-myosin filament sliding","GO:0033275","ACTC",1,"BP"
"actomyosin structure organization","GO:0031032","ACTC",1,"BP"
"acute inflammatory response to antigenic stimulus","GO:0002438","ELNE",1,"BP"
"acylglycerol homeostasis","GO:0055090","APOA1",1,"BP"
"acyltransferase activity","GO:0016746","FAS",1,"MF"
"adipose tissue development","GO:0060612","CO6A1",1,"BP"
"adrenal gland development","GO:0030325","APOA1",1,"BP"
"aerobic respiration","GO:0009060","CATA",1,"BP"
"aggresome assembly","GO:0070842","TERA",1,"BP"
"amine metabolic process","GO:0009308","AOC3",1,"BP"
"amino acid binding","GO:0016597","ASSY",1,"MF"
"amino acid biosynthetic process","GO:0008652","ASSY",1,"BP"
"aminoacylase activity","GO:0004046","CATA",1,"MF"
"amyloid-beta formation","GO:0034205","APOA1",1,"BP"
"anchoring junction","GO:0070161","RTN4",1,"CC"
"angiotensin-activated signaling pathway","GO:0038166","CAV1",1,"BP"
"animal organ morphogenesis","GO:0009887","PGS2",1,"BP"
"animal organ regeneration","GO:0031100","PGBM",1,"BP"
"antifungal humoral response","GO:0019732","TRFL",1,"BP"
"antimicrobial humoral immune response mediated by antimicrobial peptide","GO:0061844","TRFL",1,"BP"
"antimicrobial humoral response","GO:0019730","CAP7",1,"BP"
"apolipoprotein A-I receptor binding","GO:0034191","APOA1",1,"MF"
"apolipoprotein receptor binding","GO:0034190","APOA1",1,"MF"
"apoptotic mitochondrial changes","GO:0008637","AT2A1",1,"BP"
"apoptotic nuclear changes","GO:0030262","CO6A1",1,"BP"
"apoptotic process involved in morphogenesis","GO:0060561","CRYAB",1,"BP"
"apoptotic signaling pathway","GO:0097190","CAV1",1,"BP"
"arachidonate metabolic process","GO:0019369","HYEP",1,"BP"
"argininosuccinate metabolic process","GO:0000053","ASSY",1,"BP"
"argininosuccinate synthase activity","GO:0004055","ASSY",1,"MF"
"aspartate metabolic process","GO:0006531","ASSY",1,"BP"
"autophagosome maturation","GO:0097352","TERA",1,"BP"
"axon extension involved in regeneration","GO:0048677","LAMB2",1,"BP"
"axon guidance","GO:0007411","LAMB2",1,"BP"
"axonal fasciculation","GO:0007413","RTN4",1,"BP"
"axonogenesis","GO:0007409","ACTBL",1,"BP"
"azurophil granule membrane","GO:0035577","CAP7",1,"CC"
"bilirubin transport","GO:0015723","ALBU",1,"BP"
"biological process involved in interaction with symbiont","GO:0051702","FINC",1,"BP"
"biosynthetic process","GO:0009058","FAS",1,"BP"
"biosynthetic process of antibacterial peptides active against Gram-negative bacteria","GO:0002812","ELNE",1,"BP"
"blastocyst formation","GO:0001825","RTN4",1,"BP"
"blood coagulation, common pathway","GO:0072377","FIBA",1,"BP"
"blood vessel diameter maintenance","GO:0097746","HBB",1,"BP"
"blood vessel endothelial cell migration","GO:0043534","APOA1",1,"BP"
"bone development","GO:0060348","CO6A1",1,"BP"
"bone mineralization","GO:0030282","CO6A1",1,"BP"
"bone morphogenesis","GO:0060349","TRFL",1,"BP"
"brush border","GO:0005903","MYO1C",1,"CC"
"calcium channel complex","GO:0034704","AT2A1",1,"CC"
"calcium ion homeostasis","GO:0055074","CAV1",1,"BP"
"calcium ion import into sarcoplasmic reticulum","GO:1990036","AT2A1",1,"BP"
"calcium ion transmembrane transport","GO:0070588","AT2A1",1,"BP"
"calcium-dependent ATPase activity","GO:0030899","AT2A1",1,"MF"
"calcium-independent cell-matrix adhesion","GO:0007161","FINC",1,"BP"
"camera-type eye development","GO:0043010","CRYAB",1,"BP"
"canonical NF-kappaB signal transduction","GO:0007249","TERA",1,"BP"
"cardiac epithelial to mesenchymal transition","GO:0060317","RTN4",1,"BP"
"cardiac muscle tissue morphogenesis","GO:0055008","ACTC",1,"BP"
"cardiac myofibril","GO:0097512","CRYAB",1,"CC"
"cardiac myofibril assembly","GO:0055003","ACTC",1,"BP"
"cartilage development","GO:0051216","CO6A1",1,"BP"
"catalase activity","GO:0004096","CATA",1,"MF"
"caveolar macromolecular signaling complex","GO:0002095","CAV1",1,"CC"
"caveolin-mediated endocytosis","GO:0072584","CAV1",1,"BP"
"cell body fiber","GO:0070852","ASSY",1,"CC"
"cell chemotaxis","GO:0060326","CAP7",1,"BP"
"cell junction","GO:0030054","RTN4",1,"CC"
"cell leading edge","GO:0031252","VIME",1,"CC"
"cell migration involved in vasculogenesis","GO:0035441","RTN4",1,"BP"
"cell motility","GO:0048870","ACTBL",1,"BP"
"cell recognition","GO:0008037","CSPG2",1,"BP"
"cell-substrate adhesion","GO:0031589","VWF",1,"BP"
"cell-substrate junction assembly","GO:0007044","FINC",1,"BP"
"cellular detoxification of hydrogen peroxide","GO:0061692","CATA",1,"BP"
"cellular extravasation","GO:0045123","CAP7",1,"BP"
"cellular response to acetaldehyde","GO:1905641","ACTH",1,"BP"
"cellular response to amine stimulus","GO:0071418","ASSY",1,"BP"
"cellular response to ammonium ion","GO:0071242","ASSY",1,"BP"
"cellular response to amyloid-beta","GO:1904646","APOA1",1,"BP"
"cellular response to arsenite ion","GO:1903843","TERA",1,"BP"
"cellular response to cAMP","GO:0071320","ASSY",1,"BP"
"cellular response to calcium ion starvation","GO:0072732","ALBU",1,"BP"
"cellular response to glucagon stimulus","GO:0071377","ASSY",1,"BP"
"cellular response to growth factor stimulus","GO:0071363","CATA",1,"BP"
"cellular response to heat","GO:0034605","TERA",1,"BP"
"cellular response to hyperoxia","GO:0071455","CAV1",1,"BP"
"cellular response to hypoxia","GO:0071456","RTN4",1,"BP"
"cellular response to interleukin-1","GO:0071347","FIBB",1,"BP"
"cellular response to interleukin-4","GO:0071353","FAS",1,"BP"
"cellular response to interleukin-6","GO:0071354","ACTH",1,"BP"
"cellular response to laminar fluid shear stress","GO:0071499","ASSY",1,"BP"
"cellular response to leptin stimulus","GO:0044320","FIBB",1,"BP"
"cellular response to lipoprotein particle stimulus","GO:0071402","APOA1",1,"BP"
"cellular response to muramyl dipeptide","GO:0071225","VIME",1,"BP"
"cellular response to oleic acid","GO:0071400","ASSY",1,"BP"
"cellular response to peptide hormone stimulus","GO:0071375","CAV1",1,"BP"
"cellular response to reactive oxygen species","GO:0034614","TPM1",1,"BP"
"cellular response to tumor necrosis factor","GO:0071356","ASSY",1,"BP"
"central nervous system development","GO:0007417","CSPG2",1,"BP"
"central nervous system vasculogenesis","GO:0022009","RTN4",1,"BP"
"centriolar satellite","GO:0034451","K1C18",1,"CC"
"cerebral cortex radial glia-guided migration","GO:0021801","RTN4",1,"BP"
"chemotaxis","GO:0006935","CAP7",1,"BP"
"cholesterol biosynthetic process","GO:0006695","APOA1",1,"BP"
"cholesterol efflux","GO:0033344","APOA1",1,"BP"
"chromatin binding","GO:0003682","PERM",1,"MF"
"chromatin organization","GO:0006325","H4",1,"BP"
"chromatin remodeling","GO:0006338","MYO1C",1,"BP"
"chromatin-protein adaptor activity","GO:0140463","H2AX",1,"MF"
"chromosome organization involved in meiotic cell cycle","GO:0070192","MEIOC",1,"BP"
"chromosome, centromeric region","GO:0000775","H33",1,"CC"
"chylomicron","GO:0042627","APOA1",1,"CC"
"cilium assembly","GO:0060271","EHD2",1,"BP"
"circulatory system development","GO:0072359","PGBM",1,"BP"
"cis-stilbene-oxide hydrolase activity","GO:0033961","HYEP",1,"MF"
"citrulline metabolic process","GO:0000052","ASSY",1,"BP"
"collagen metabolic process","GO:0032963","CO6A1",1,"BP"
"complement activation, lectin pathway","GO:0001867","K2C1",1,"BP"
"condensed nuclear chromosome","GO:0000794","H2AX",1,"CC"
"cortical actin cytoskeleton organization","GO:0030866","EHD2",1,"BP"
"creatine kinase activity","GO:0004111","KCRM",1,"MF"
"cysteine-type endopeptidase inhibitor activity","GO:0004869","TRFL",1,"MF"
"cytokine binding","GO:0019955","ELNE",1,"MF"
"cytokine-mediated signaling pathway","GO:0019221","CAV1",1,"BP"
"cytoplasm protein quality control","GO:0140455","TERA",1,"BP"
"cytoplasmic actin-based contraction involved in cell motility","GO:0060327","ACTC",1,"BP"
"cytoplasmic microtubule","GO:0005881","TBA1C",1,"CC"
"cytoplasmic microtubule organization","GO:0031122","KATL2",1,"BP"
"cytoplasmic translation","GO:0002181","RS27A",1,"BP"
"cytoplasmic ubiquitin ligase complex","GO:0000153","TERA",1,"CC"
"cytoplasmic vesicle membrane","GO:0030659","MYO1C",1,"CC"
"cytoskeleton organization","GO:0007010","TPM1",1,"BP"
"cytosolic ribosome","GO:0022626","RS27A",1,"CC"
"cytosolic small ribosomal subunit","GO:0022627","RS27A",1,"CC"
"damaged DNA binding","GO:0003684","H2AX",1,"MF"
"defense response to virus","GO:0051607","CAP7",1,"BP"
"dendritic spine","GO:0043197","CRYAB",1,"CC"
"deubiquitinase activator activity","GO:0035800","TERA",1,"MF"
"diaphragm development","GO:0060539","ASSY",1,"BP"
"dimeric IgA immunoglobulin complex","GO:0071750","IGJ",1,"CC"
"double-strand break repair via homologous recombination","GO:0000724","H2AX",1,"BP"
"early endosome membrane","GO:0031901","CAV1",1,"CC"
"endoderm development","GO:0007492","LAMC1",1,"BP"
"endopeptidase inhibitor activity","GO:0004866","A2MG",1,"MF"
"endoplasmic reticulum organization","GO:0007029","RTN4",1,"BP"
"endoplasmic reticulum to Golgi vesicle-mediated transport","GO:0006888","TERA",1,"BP"
"endoplasmic reticulum tubular network","GO:0071782","RTN4",1,"CC"
"endoplasmic reticulum tubular network formation","GO:0071787","RTN4",1,"BP"
"endoplasmic reticulum tubular network membrane organization","GO:1990809","RTN4",1,"BP"
"endoplasmic reticulum tubular network organization","GO:0071786","RTN4",1,"BP"
"endoplasmic reticulum unfolded protein response","GO:0030968","TERA",1,"BP"
"endosome to lysosome transport via multivesicular body sorting pathway","GO:0032510","TERA",1,"BP"
"endothelial cell migration","GO:0043542","FINC",1,"BP"
"endothelial microparticle","GO:0072563","ANXA5",1,"CC"
"energy derivation by oxidation of organic compounds","GO:0015980","UGPA",1,"BP"
"energy homeostasis","GO:0097009","CO6A1",1,"BP"
"energy reserve metabolic process","GO:0006112","CO6A1",1,"BP"
"enoyl-[acyl-carrier-protein] reductase (NADPH) activity","GO:0141148","FAS",1,"MF"
"enterobactin binding","GO:1903981","ALBU",1,"MF"
"epidermis development","GO:0008544","K1C9",1,"BP"
"epithelial cell apoptotic process","GO:1904019","ANXA2",1,"BP"
"epithelial cell development","GO:0002064","FAS",1,"BP"
"epithelial cell differentiation","GO:0030855","K1C9",1,"BP"
"epoxide hydrolase activity","GO:0004301","HYEP",1,"MF"
"epoxide metabolic process","GO:0097176","HYEP",1,"BP"
"establishment of endothelial intestinal barrier","GO:0090557","FAS",1,"BP"
"establishment of localization in cell","GO:0051649","CAV1",1,"BP"
"establishment of protein localization","GO:0045184","TERA",1,"BP"
"establishment of skin barrier","GO:0061436","K2C1",1,"BP"
"ether hydrolase activity","GO:0016803","HYEP",1,"MF"
"ether lipid biosynthetic process","GO:0008611","FAS",1,"BP"
"exogenous protein binding","GO:0140272","ALBU",1,"MF"
"extracellular matrix assembly","GO:0085029","CO6A1",1,"BP"
"extracellular matrix constituent conferring elasticity","GO:0030023","LAMC1",1,"MF"
"extracellular matrix organization","GO:0030198","NID1",1,"BP"
"extrinsic apoptotic signaling pathway","GO:0097191","K1C18",1,"BP"
"fatty acid binding","GO:0005504","ALBU",1,"MF"
"fatty acid biosynthetic process","GO:0006633","FAS",1,"BP"
"fatty acid metabolic process","GO:0006631","FAS",1,"BP"
"fatty acid synthase activity","GO:0004312","FAS",1,"MF"
"fatty-acyl-CoA biosynthetic process","GO:0046949","FAS",1,"BP"
"female meiosis I","GO:0007144","MEIOC",1,"BP"
"ferroxidase activity","GO:0004322","FRIH",1,"MF"
"fibroblast proliferation","GO:0048144","CAV1",1,"BP"
"filamentous actin","GO:0031941","MYO1C",1,"CC"
"flavin adenine dinucleotide catabolic process","GO:0072389","TERA",1,"BP"
"gene expression","GO:0010467","CO6A1",1,"BP"
"germline cell cycle switching, mitotic to meiotic cell cycle","GO:0051729","MEIOC",1,"BP"
"glandular epithelial cell differentiation","GO:0002067","CAV1",1,"BP"
"glomerular basement membrane development","GO:0032836","NID1",1,"BP"
"glucocorticoid metabolic process","GO:0008211","APOA1",1,"BP"
"glucose 1-phosphate metabolic process","GO:0019255","UGPA",1,"BP"
"glucose catabolic process to lactate via pyruvate","GO:0019661","LDHA",1,"BP"
"glutathione metabolic process","GO:0006749","CRYAB",1,"BP"
"glycogen biosynthetic process","GO:0005978","UGPA",1,"BP"
"glycogen metabolic process","GO:0005977","UGPA",1,"BP"
"glycosphingolipid binding","GO:0043208","LAMB1",1,"MF"
"growth factor binding","GO:0019838","A2MG",1,"MF"
"hair follicle development","GO:0001942","CO6A1",1,"BP"
"heart contraction","GO:0060047","ACTC",1,"BP"
"heat shock protein binding","GO:0031072","APOA1",1,"MF"
"hemidesmosome assembly","GO:0031581","LAMC1",1,"BP"
"hemoglobin alpha binding","GO:0031721","HBB",1,"MF"
"hemoglobin metabolic process","GO:0020027","CATA",1,"BP"
"heparan sulfate proteoglycan binding","GO:0043395","CAP7",1,"MF"
"hepatocyte apoptotic process","GO:0097284","K1C18",1,"BP"
"heterochromatin formation","GO:0031507","H2AX",1,"BP"
"hexameric IgM immunoglobulin complex","GO:0071757","IGHM",1,"CC"
"high-density lipoprotein particle","GO:0034364","APOA1",1,"CC"
"high-density lipoprotein particle assembly","GO:0034380","APOA1",1,"BP"
"high-density lipoprotein particle binding","GO:0008035","APOA1",1,"MF"
"high-density lipoprotein particle clearance","GO:0034384","APOA1",1,"BP"
"high-density lipoprotein particle receptor binding","GO:0070653","APOA1",1,"MF"
"high-density lipoprotein particle remodeling","GO:0034375","APOA1",1,"BP"
"histone binding","GO:0042393","H2AX",1,"MF"
"homeostasis of number of cells","GO:0048872","CO6A1",1,"BP"
"hyaluronic acid binding","GO:0005540","CSPG2",1,"MF"
"hydrocarbon catabolic process","GO:0120253","HYEP",1,"BP"
"hypochlorous acid biosynthetic process","GO:0002149","PERM",1,"BP"
"immunoglobulin binding","GO:0019865","VWF",1,"MF"
"induction of positive chemotaxis","GO:0050930","CAP7",1,"BP"
"innate immune response in mucosa","GO:0002227","TRFL",1,"BP"
"inner kinetochore","GO:0000939","H33",1,"CC"
"insulin receptor signaling pathway","GO:0008286","CO6A1",1,"BP"
"insulin-like growth factor receptor signaling pathway","GO:0048009","CO6A1",1,"BP"
"integrin activation","GO:0033622","FINC",1,"BP"
"intercalated disc","GO:0014704","MYH1",1,"CC"
"interleukin-1 binding","GO:0019966","A2MG",1,"MF"
"interleukin-8 binding","GO:0019959","A2MG",1,"MF"
"intermediate filament cytoskeleton","GO:0045111","VIME",1,"CC"
"intermediate filament cytoskeleton organization","GO:0045104","K1C18",1,"BP"
"intermediate filament-based process","GO:0045103","VIME",1,"BP"
"interphotoreceptor matrix","GO:0033165","CSPG2",1,"CC"
"intracellular membrane-bounded organelle","GO:0043231","TERA",1,"CC"
"intracellular nitric oxide homeostasis","GO:0033484","CAV1",1,"BP"
"intracellular signal transduction","GO:0035556","CAP7",1,"BP"
"intracellular sphingolipid homeostasis","GO:0090156","RTN4",1,"BP"
"intracellular vesicle","GO:0097708","CO6A1",1,"CC"
"isomerase activity","GO:0016853","KATL2",1,"MF"
"katanin complex","GO:0008352","KATL2",1,"CC"
"keratin filament binding","GO:1990254","VIME",1,"MF"
"keratinization","GO:0031424","K2C1",1,"BP"
"keratinocyte differentiation","GO:0030216","K1C10",1,"BP"
"killing of cells of another organism","GO:0031640","TRFL",1,"BP"
"kinase activity","GO:0016301","KCRM",1,"MF"
"kinase binding","GO:0019900","LDHB",1,"MF"
"lactation","GO:0007595","CAV1",1,"BP"
"laminin binding","GO:0043236","NID1",1,"MF"
"laminin-1 binding","GO:0043237","NID1",1,"MF"
"laminin-2 complex","GO:0005607","LAMB1",1,"CC"
"laminin-3 complex","GO:0005608","LAMB2",1,"CC"
"laminin-8 complex","GO:0043257","LAMB1",1,"CC"
"late endosome membrane","GO:0031902","ANXA2",1,"CC"
"lens development in camera-type eye","GO:0002088","CRYAB",1,"BP"
"leukocyte migration","GO:0050900","ELNE",1,"BP"
"ligase activity","GO:0016874","ASSY",1,"MF"
"lipid biosynthetic process","GO:0008610","FAS",1,"BP"
"lipid transport","GO:0006869","APOA1",1,"BP"
"lipid transporter activity","GO:0005319","APOA1",1,"MF"
"lipoprotein metabolic process","GO:0042157","APOA1",1,"BP"
"lipoprotein particle binding","GO:0071813","APOA1",1,"MF"
"liver development","GO:0001889","ASSY",1,"BP"
"low-density lipoprotein particle","GO:0034362","APOA1",1,"CC"
"low-density lipoprotein particle receptor binding","GO:0050750","PGBM",1,"MF"
"low-density lipoprotein particle remodeling","GO:0034374","PERM",1,"BP"
"lung alveolus development","GO:0048286","CO6A1",1,"BP"
"lung epithelial cell differentiation","GO:0060487","CO6A1",1,"BP"
"lung morphogenesis","GO:0060425","CO6A1",1,"BP"
"lyase activity","GO:0016829","FAS",1,"MF"
"mRNA stabilization","GO:0048255","MEIOC",1,"BP"
"mRNA transcription by RNA polymerase II","GO:0042789","ANXA2",1,"BP"
"macroautophagy","GO:0016236","TERA",1,"BP"
"macrophage chemotaxis","GO:0048246","CAP7",1,"BP"
"maintenance of blood-brain barrier","GO:0035633","LAMC1",1,"BP"
"maintenance of mitochondrion location","GO:0051659","AT2A1",1,"BP"
"maintenance of protein location in cell","GO:0032507","CAV1",1,"BP"
"male germ cell nucleus","GO:0001673","H2AX",1,"CC"
"male meiosis I","GO:0007141","MEIOC",1,"BP"
"mammary gland involution","GO:0060056","CAV1",1,"BP"
"meiotic spindle organization","GO:0000212","KATL2",1,"BP"
"membrane depolarization","GO:0051899","CAV1",1,"BP"
"membrane destabilizing activity","GO:0140912","TRFL",1,"MF"
"membrane raft assembly","GO:0001765","ANXA2",1,"BP"
"metanephric glomerular basement membrane development","GO:0072274","LAMB2",1,"BP"
"metanephric podocyte development","GO:0072249","LAMB2",1,"BP"
"metaphase chromosome alignment","GO:0051310","MEIOC",1,"BP"
"microglial cell activation","GO:0001774","CAP7",1,"BP"
"microtubule polymerization or depolymerization","GO:0031109","CRYAB",1,"BP"
"microtubule severing","GO:0051013","KATL2",1,"BP"
"midbody","GO:0030496","ANXA2",1,"CC"
"midgut development","GO:0007494","ASSY",1,"BP"
"mitochondrial depolarization","GO:0051882","CO6A1",1,"BP"
"mitochondrial inner membrane","GO:0005743","LDHB",1,"CC"
"mitochondrial transmembrane transport","GO:1990542","CO6A1",1,"BP"
"mitochondrion organization","GO:0007005","CO6A1",1,"BP"
"mitotic spindle disassembly","GO:0051228","TERA",1,"BP"
"modification-dependent protein catabolic process","GO:0019941","RS27A",1,"BP"
"modulation by host of viral process","GO:0044788","FAS",1,"BP"
"modulation of chemical synaptic transmission","GO:0050804","RTN4",1,"BP"
"molecular carrier activity","GO:0140104","ALBU",1,"MF"
"monoatomic ion transmembrane transport","GO:0034220","AT2A1",1,"BP"
"monocyte differentiation","GO:0030224","FAS",1,"BP"
"monocyte extravasation","GO:0035696","CAP7",1,"BP"
"multicellular organism growth","GO:0035264","H33",1,"BP"
"multicellular organismal locomotion","GO:0071965","CO6A1",1,"BP"
"muscle cell apoptotic process","GO:0010657","CO6A1",1,"BP"
"muscle cell cellular homeostasis","GO:0046716","CAV1",1,"BP"
"muscle cell development","GO:0055001","CO6A1",1,"BP"
"muscle cell differentiation","GO:0042692","H33",1,"BP"
"muscle structure development","GO:0061061","CO6A1",1,"BP"
"muscle system process","GO:0003012","CO6A1",1,"BP"
"muscle thin filament tropomyosin","GO:0005862","TPM1",1,"CC"
"myelin sheath adaxonal region","GO:0035749","ANXA2",1,"CC"
"myelination in peripheral nervous system","GO:0022011","CO6A1",1,"BP"
"myosin binding","GO:0017022","ACTC",1,"MF"
"myosin light chain binding","GO:0032027","MYH8",1,"MF"
"negative chemotaxis","GO:0050919","APOA1",1,"BP"
"negative regulation by host of viral process","GO:0044793","TRFL",1,"BP"
"negative regulation of ATP-dependent activity","GO:0032780","TRFL",1,"BP"
"negative regulation of BMP signaling pathway","GO:0030514","CAV1",1,"BP"
"negative regulation of DNA-templated transcription","GO:0045892","CRYAB",1,"BP"
"negative regulation of MAPK cascade","GO:0043409","CAV1",1,"BP"
"negative regulation of amyloid fibril formation","GO:1905907","CRYAB",1,"BP"
"negative regulation of amyloid-beta formation","GO:1902430","RTN4",1,"BP"
"negative regulation of anoikis","GO:2000811","CAV1",1,"BP"
"negative regulation of autophagy","GO:0010507","FINC",1,"BP"
"negative regulation of axon extension","GO:0030517","RTN4",1,"BP"
"negative regulation of canonical Wnt signaling pathway","GO:0090090","CAV1",1,"BP"
"negative regulation of cell adhesion molecule production","GO:0060354","APOA1",1,"BP"
"negative regulation of cell migration","GO:0030336","TPM1",1,"BP"
"negative regulation of chemokine production","GO:0032682","ELNE",1,"BP"
"negative regulation of chemotaxis","GO:0050922","ELNE",1,"BP"
"negative regulation of chromosome condensation","GO:1902340","H33",1,"BP"
"negative regulation of coagulation","GO:0050819","ANXA5",1,"BP"
"negative regulation of complement activation, lectin pathway","GO:0001869","A2MG",1,"BP"
"negative regulation of cytokine production involved in immune response","GO:0002719","APOA1",1,"BP"
"negative regulation of cytokine-mediated signaling pathway","GO:0001960","CAV1",1,"BP"
"negative regulation of endoplasmic reticulum calcium ion concentration","GO:0032471","AT2A1",1,"BP"
"negative regulation of endothelial cell migration","GO:0010596","PGS2",1,"BP"
"negative regulation of endothelial cell proliferation","GO:0001937","CAV1",1,"BP"
"negative regulation of epithelial cell differentiation","GO:0030857","CAV1",1,"BP"
"negative regulation of ferroptosis","GO:0110076","FRIH",1,"BP"
"negative regulation of gene expression","GO:0010629","CRYAB",1,"BP"
"negative regulation of heterotypic cell-cell adhesion","GO:0034115","APOA1",1,"BP"
"negative regulation of hippo signaling","GO:0035331","TERA",1,"BP"
"negative regulation of hydrogen peroxide catabolic process","GO:2000296","HPT",1,"BP"
"negative regulation of intracellular transport","GO:0032387","CRYAB",1,"BP"
"negative regulation of leukocyte cell-cell adhesion","GO:1903038","ASSY",1,"BP"
"negative regulation of lipopolysaccharide-mediated signaling pathway","GO:0031665","TRFL",1,"BP"
"negative regulation of metabolic process","GO:0009892","CRYAB",1,"BP"
"negative regulation of mitochondrial depolarization","GO:0051902","ALBU",1,"BP"
"negative regulation of monocyte activation","GO:0150102","FINC",1,"BP"
"negative regulation of necroptotic process","GO:0060546","CAV1",1,"BP"
"negative regulation of neuron projection development","GO:0010977","VIME",1,"BP"
"negative regulation of nitric oxide biosynthetic process","GO:0045019","CAV1",1,"BP"
"negative regulation of osteoclast development","GO:2001205","TRFL",1,"BP"
"negative regulation of pinocytosis","GO:0048550","CAV1",1,"BP"
"negative regulation of potassium ion transmembrane transport","GO:1901380","CAV1",1,"BP"
"negative regulation of protein ubiquitination","GO:0031397","CAV1",1,"BP"
"negative regulation of protein-containing complex assembly","GO:0031333","CRYAB",1,"BP"
"negative regulation of reactive oxygen species metabolic process","GO:2000378","CRYAB",1,"BP"
"negative regulation of receptor internalization","GO:0002091","ANXA2",1,"BP"
"negative regulation of receptor signaling pathway via JAK-STAT","GO:0046426","CAV1",1,"BP"
"negative regulation of response to cytokine stimulus","GO:0060761","APOA1",1,"BP"
"negative regulation of signal transduction","GO:0009968","CAV1",1,"BP"
"negative regulation of single-species biofilm formation in or on host organism","GO:1900229","TRFL",1,"BP"
"negative regulation of smoothened signaling pathway","GO:0045879","TERA",1,"BP"
"negative regulation of striated muscle contraction","GO:0045988","AT2A1",1,"BP"
"negative regulation of transforming growth factor beta production","GO:0071635","FINC",1,"BP"
"negative regulation of transport","GO:0051051","ANXA2",1,"BP"
"negative regulation of tumor necrosis factor (ligand) superfamily member 11 production","GO:2000308","TRFL",1,"BP"
"negative regulation of vascular associated smooth muscle cell migration","GO:1904753","TPM1",1,"BP"
"negative regulation of vascular associated smooth muscle cell proliferation","GO:1904706","TPM1",1,"BP"
"negative regulation of vascular endothelial growth factor signaling pathway","GO:1900747","PGS2",1,"BP"
"negative regulation of vasculogenesis","GO:2001213","RTN4",1,"BP"
"negative regulation of viral genome replication","GO:0045071","TRFL",1,"BP"
"negative regulation of viral process","GO:0048525","TRFL",1,"BP"
"nervous system process","GO:0050877","CO6A1",1,"BP"
"neural crest cell migration involved in autonomic nervous system development","GO:1901166","FINC",1,"BP"
"neuromuscular junction","GO:0031594","LAMB2",1,"CC"
"neuromuscular junction development","GO:0007528","LAMB2",1,"BP"
"neuron differentiation","GO:0030182","RTN4",1,"BP"
"neuronal cell body","GO:0043025","ASSY",1,"CC"
"neuronal-glial interaction involved in cerebral cortex radial glia guided migration","GO:0021812","LAMB1",1,"BP"
"neutrophil differentiation","GO:0030223","FAS",1,"BP"
"neutrophil-mediated killing of bacterium","GO:0070944","CAP7",1,"BP"
"neutrophil-mediated killing of fungus","GO:0070947","ELNE",1,"BP"
"neutrophil-mediated killing of gram-negative bacterium","GO:0070945","ELNE",1,"BP"
"nitric oxide biosynthetic process","GO:0006809","CAV1",1,"BP"
"nitric oxide metabolic process","GO:0046209","CAV1",1,"BP"
"nitric-oxide synthase binding","GO:0050998","CAV1",1,"MF"
"nuclear body","GO:0016604","MYO1C",1,"CC"
"nuclear envelope","GO:0005635","RTN4",1,"CC"
"nuclear envelope lumen","GO:0005641","TBB5",1,"CC"
"nuclear pore complex assembly","GO:0051292","RTN4",1,"BP"
"nuclear speck","GO:0016607","H2AX",1,"CC"
"nucleic acid binding","GO:0003676","EHD2",1,"MF"
"nucleosomal DNA binding","GO:0031492","H33",1,"MF"
"nucleotidyltransferase activity","GO:0016779","UGPA",1,"MF"
"nucleus organization","GO:0006997","H33",1,"BP"
"odontoblast differentiation","GO:0071895","TBB5",1,"BP"
"odontogenesis","GO:0042476","LAMB1",1,"BP"
"oocyte development","GO:0048599","MEIOC",1,"BP"
"oocyte maturation","GO:0001556","H33",1,"BP"
"oogenesis","GO:0048477","H33",1,"BP"
"oxidoreductase activity, acting on peroxide as acceptor","GO:0016684","CATA",1,"MF"
"patched binding","GO:0005113","CAV1",1,"MF"
"pericentric heterochromatin formation","GO:0031508","H33",1,"BP"
"perineuronal net","GO:0072534","CSPG2",1,"CC"
"peripheral nervous system development","GO:0007422","CO6A1",1,"BP"
"peroxisomal matrix","GO:0005782","CATA",1,"CC"
"peroxisomal membrane","GO:0005778","CATA",1,"CC"
"phagocytosis","GO:0006909","ELNE",1,"BP"
"phosphatidylcholine biosynthetic process","GO:0006656","APOA1",1,"BP"
"phosphatidylcholine-sterol O-acyltransferase activator activity","GO:0060228","APOA1",1,"MF"
"phosphatidylinositol-4,5-bisphosphate binding","GO:0005546","ANXA2",1,"MF"
"phosphocreatine biosynthetic process","GO:0046314","KCRM",1,"BP"
"phospholipase A2 inhibitor activity","GO:0019834","ANXA2",1,"MF"
"phospholipase C-activating G protein-coupled receptor signaling pathway","GO:0007200","CAP7",1,"BP"
"phospholipid efflux","GO:0033700","APOA1",1,"BP"
"phospholipid homeostasis","GO:0055091","APOA1",1,"BP"
"phospholipid metabolic process","GO:0006644","APOA1",1,"BP"
"phosphopantetheine binding","GO:0031177","FAS",1,"MF"
"photoreceptor outer segment","GO:0001750","CSPG2",1,"CC"
"plasma membrane bounded cell projection","GO:0120025","MYO1C",1,"CC"
"plasma membrane tubulation","GO:0097320","EHD2",1,"BP"
"platelet dense granule lumen","GO:0031089","LG3BP",1,"CC"
"platelet dense tubular network membrane","GO:0031095","AT2A1",1,"CC"
"platelet-derived growth factor binding","GO:0048407","CO6A1",1,"MF"
"polyubiquitin modification-dependent protein binding","GO:0031593","TERA",1,"MF"
"positive regulation of ATP biosynthetic process","GO:2001171","TERA",1,"BP"
"positive regulation of ATPase-coupled calcium transmembrane transporter activity","GO:1901896","AT2A1",1,"BP"
"positive regulation of DNA repair","GO:0045739","H2AX",1,"BP"
"positive regulation of ERAD pathway","GO:1904294","CAV1",1,"BP"
"positive regulation of ERBB3 signaling pathway","GO:1905580","RTN4",1,"BP"
"positive regulation of MAP kinase activity","GO:0043406","ELNE",1,"BP"
"positive regulation of MHC class II biosynthetic process","GO:0045348","CAP7",1,"BP"
"positive regulation of NF-kappaB transcription factor activity","GO:0051092","TRFL",1,"BP"
"positive regulation of Rac protein signal transduction","GO:0035022","RTN4",1,"BP"
"positive regulation of Rho protein signal transduction","GO:0035025","APOA1",1,"BP"
"positive regulation of angiogenesis","GO:0045766","RTN4",1,"BP"
"positive regulation of artery morphogenesis","GO:1905653","RTN4",1,"BP"
"positive regulation of autophagy","GO:0010508","PGS2",1,"BP"
"positive regulation of axon extension","GO:0045773","FINC",1,"BP"
"positive regulation of bone mineralization involved in bone maturation","GO:1900159","TRFL",1,"BP"
"positive regulation of calcium ion import into sarcoplasmic reticulum","GO:1902082","AT2A1",1,"BP"
"positive regulation of calcium ion transport into cytosol","GO:0010524","CAV1",1,"BP"
"positive regulation of canonical Wnt signaling pathway","GO:0090263","TERA",1,"BP"
"positive regulation of cardiac muscle cell contraction","GO:0106134","AT2A1",1,"BP"
"positive regulation of cell division","GO:0051781","CATA",1,"BP"
"positive regulation of cell growth","GO:0030307","H33",1,"BP"
"positive regulation of cell population proliferation","GO:0008284","FINC",1,"BP"
"positive regulation of cell-substrate adhesion","GO:0010811","NID1",1,"BP"
"positive regulation of cellular response to insulin stimulus","GO:1900078","MYO1C",1,"BP"
"positive regulation of cholesterol metabolic process","GO:0090205","APOA1",1,"BP"
"positive regulation of chondrocyte proliferation","GO:1902732","TRFL",1,"BP"
"positive regulation of collagen biosynthetic process","GO:0032967","VIME",1,"BP"
"positive regulation of complement-dependent cytotoxicity","GO:1903661","CD5L",1,"BP"
"positive regulation of double-strand break repair via homologous recombination","GO:1905168","H2AX",1,"BP"
"positive regulation of endocytic recycling","GO:2001137","EHD2",1,"BP"
"positive regulation of endoplasmic reticulum calcium ion concentration","GO:0032470","AT2A1",1,"BP"
"positive regulation of endothelial cell proliferation","GO:0001938","PGBM",1,"BP"
"positive regulation of epithelial cell migration","GO:0010634","RTN4",1,"BP"
"positive regulation of extrinsic apoptotic signaling pathway","GO:2001238","CAV1",1,"BP"
"positive regulation of fast-twitch skeletal muscle fiber contraction","GO:0031448","AT2A1",1,"BP"
"positive regulation of fibroblast proliferation","GO:0048146","FINC",1,"BP"
"positive regulation of gap junction assembly","GO:1903598","CAV1",1,"BP"
"positive regulation of heart rate by epinephrine","GO:0003065","TPM1",1,"BP"
"positive regulation of hepatocyte proliferation","GO:2000347","RTN4",1,"BP"
"positive regulation of immune response","GO:0050778","ELNE",1,"BP"
"positive regulation of intracellular signal transduction","GO:1902533","VWF",1,"BP"
"positive regulation of intrinsic apoptotic signaling pathway","GO:2001244","CAV1",1,"BP"
"positive regulation of leukocyte tethering or rolling","GO:1903238","ELNE",1,"BP"
"positive regulation of low-density lipoprotein particle clearance","GO:1905581","ANXA2",1,"BP"
"positive regulation of macroautophagy","GO:0016239","PGS2",1,"BP"
"positive regulation of macrophage cytokine production","GO:0060907","RTN4",1,"BP"
"positive regulation of macrophage migration","GO:1905523","RTN4",1,"BP"
"positive regulation of mammary gland epithelial cell proliferation","GO:0033601","RTN4",1,"BP"
"positive regulation of mitochondrial calcium ion concentration","GO:0051561","AT2A1",1,"BP"
"positive regulation of mitochondrial depolarization","GO:0051901","PGS2",1,"BP"
"positive regulation of mitochondrial fission","GO:0090141","PGS2",1,"BP"
"positive regulation of multicellular organismal process","GO:0051240","ANXA2",1,"BP"
"positive regulation of myoblast fusion","GO:1901741","EHD2",1,"BP"
"positive regulation of neutrophil migration","GO:1902624","RTN4",1,"BP"
"positive regulation of non-canonical NF-kappaB signal transduction","GO:1901224","TERA",1,"BP"
"positive regulation of osteoblast proliferation","GO:0033690","TRFL",1,"BP"
"positive regulation of oxidative phosphorylation","GO:1903862","TERA",1,"BP"
"positive regulation of phospholipid efflux","GO:1902995","APOA1",1,"BP"
"positive regulation of plasma membrane repair","GO:1905686","ANXA2",1,"BP"
"positive regulation of proteasomal ubiquitin-dependent protein catabolic process","GO:0032436","TERA",1,"BP"
"positive regulation of protein K63-linked deubiquitination","GO:1903006","TERA",1,"BP"
"positive regulation of protein catabolic process","GO:0045732","TERA",1,"BP"
"positive regulation of protein localization to endoplasmic reticulum","GO:1905552","RTN4",1,"BP"
"positive regulation of protein serine/threonine kinase activity","GO:0071902","TRFL",1,"BP"
"positive regulation of protein targeting to membrane","GO:0090314","MYO1C",1,"BP"
"positive regulation of protein ubiquitination","GO:0031398","CAV1",1,"BP"
"positive regulation of protein-containing complex assembly","GO:0031334","TERA",1,"BP"
"positive regulation of receptor recycling","GO:0001921","ANXA2",1,"BP"
"positive regulation of receptor-mediated endocytosis involved in cholesterol transport","GO:1905602","ANXA2",1,"BP"
"positive regulation of smooth muscle cell proliferation","GO:0048661","ELNE",1,"BP"
"positive regulation of substrate-dependent cell migration, cell attachment to substrate","GO:1904237","FINC",1,"BP"
"positive regulation of toll-like receptor 4 signaling pathway","GO:0034145","TRFL",1,"BP"
"positive regulation of toll-like receptor 9 signaling pathway","GO:0034165","RTN4",1,"BP"
"positive regulation of transcription by RNA polymerase I","GO:0045943","MYO1C",1,"BP"
"positive regulation of ubiquitin-dependent protein catabolic process","GO:2000060","TERA",1,"BP"
"positive regulation of vacuole organization","GO:0044090","ANXA2",1,"BP"
"positive regulation of vesicle fusion","GO:0031340","ANXA2",1,"BP"
"post-transcriptional regulation of gene expression","GO:0010608","CAV1",1,"BP"
"postsynapse","GO:0098794","RTN4",1,"CC"
"postsynaptic density","GO:0014069","RTN4",1,"CC"
"primary methylamine oxidase activity","GO:0008131","AOC3",1,"MF"
"protein catabolic process","GO:0030163","ELNE",1,"BP"
"protein folding","GO:0006457","CRYAB",1,"BP"
"protein localization","GO:0008104","CAV1",1,"BP"
"protein localization to CENP-A containing chromatin","GO:0061644","H4",1,"BP"
"protein localization to basolateral plasma membrane","GO:1903361","CAV1",1,"BP"
"protein localization to lysosome","GO:0061462","RTN4",1,"BP"
"protein localization to plasma membrane","GO:0072659","EHD2",1,"BP"
"protein localization to plasma membrane raft","GO:0044860","CAV1",1,"BP"
"protein localization to site of double-strand break","GO:1990166","H2AX",1,"BP"
"protein maturation","GO:0051604","CAP7",1,"BP"
"protein phosphatase binding","GO:0019903","TERA",1,"MF"
"protein secretion","GO:0009306","FIBG",1,"BP"
"protein serine/threonine kinase activator activity","GO:0043539","TRFL",1,"MF"
"protein tag activity","GO:0031386","RS27A",1,"MF"
"protein targeting to membrane","GO:0006612","MYO1C",1,"BP"
"protein tetramerization","GO:0051262","CO6A1",1,"BP"
"protein transport","GO:0015031","CAV1",1,"BP"
"protein tyrosine kinase inhibitor activity","GO:0030292","CAV1",1,"MF"
"protein tyrosine phosphatase activator activity","GO:0008160","CSPG2",1,"MF"
"purine ribonucleoside triphosphate binding","GO:0035639","PSA6",1,"MF"
"pyridoxal phosphate binding","GO:0030170","ALBU",1,"MF"
"pyrimidine ribonucleotide binding","GO:0032557","UGPA",1,"MF"
"pyroptotic inflammatory response","GO:0070269","ELNE",1,"BP"
"quinone binding","GO:0048038","AOC3",1,"MF"
"radial glial cell differentiation","GO:0060019","LAMB2",1,"BP"
"reactive oxygen species metabolic process","GO:0072593","CO6A1",1,"BP"
"receptor internalization","GO:0031623","CAV1",1,"BP"
"receptor-mediated endocytosis","GO:0006898","PGBM",1,"BP"
"receptor-mediated endocytosis of virus by host cell","GO:0019065","CAV1",1,"BP"
"recycling endosome","GO:0055037","TRFL",1,"CC"
"recycling endosome membrane","GO:0055038","EHD2",1,"CC"
"reduction of food intake in response to dietary excess","GO:0002023","CO6A1",1,"BP"
"regulation of aerobic respiration","GO:1903715","TERA",1,"BP"
"regulation of angiogenesis","GO:0045765","K2C1",1,"BP"
"regulation of bicellular tight junction assembly","GO:2000810","MYO1C",1,"BP"
"regulation of blood coagulation","GO:0030193","CAV1",1,"BP"
"regulation of blood pressure","GO:0008217","HBB",1,"BP"
"regulation of branching morphogenesis of a nerve","GO:2000172","RTN4",1,"BP"
"regulation of cardiac conduction","GO:1903779","AT2A1",1,"BP"
"regulation of cardiac muscle cell action potential involved in regulation of contraction","GO:0098909","CAV1",1,"BP"
"regulation of cell adhesion","GO:0030155","LAMA4",1,"BP"
"regulation of cell communication by electrical coupling involved in cardiac conduction","GO:1901844","CAV1",1,"BP"
"regulation of cell size","GO:0008361","CO6A1",1,"BP"
"regulation of centromere complex assembly","GO:0090230","H33",1,"BP"
"regulation of collagen fibril organization","GO:1904026","CO6A1",1,"BP"
"regulation of complement activation","GO:0030449","CD5L",1,"BP"
"regulation of cytokine production","GO:0001817","TRFL",1,"BP"
"regulation of cytosolic calcium ion concentration","GO:0051480","CAV1",1,"BP"
"regulation of embryonic development","GO:0045995","LAMA4",1,"BP"
"regulation of entry of bacterium into host cell","GO:2000535","CAV1",1,"BP"
"regulation of fatty acid metabolic process","GO:0019217","CAV1",1,"BP"
"regulation of heart contraction","GO:0008016","TPM1",1,"BP"
"regulation of heart rate by cardiac conduction","GO:0086091","CAV1",1,"BP"
"regulation of inflammatory response","GO:0050727","PSA6",1,"BP"
"regulation of intestinal cholesterol absorption","GO:0030300","APOA1",1,"BP"
"regulation of mRNA stability","GO:0043488","VIME",1,"BP"
"regulation of membrane repolarization during action potential","GO:0098903","CAV1",1,"BP"
"regulation of muscle contraction","GO:0006937","TPM1",1,"BP"
"regulation of nervous system development","GO:0051960","RTN4",1,"BP"
"regulation of neurogenesis","GO:0050767","ANXA2",1,"BP"
"regulation of programmed cell death","GO:0043067","CRYAB",1,"BP"
"regulation of protein localization to chromatin","GO:1905634","TERA",1,"BP"
"regulation of protein phosphorylation","GO:0001932","FINC",1,"BP"
"regulation of ruffle assembly","GO:1900027","CAV1",1,"BP"
"regulation of smooth muscle contraction","GO:0006940","CAV1",1,"BP"
"regulation of striated muscle contraction","GO:0006942","AT2A1",1,"BP"
"regulation of the force of heart contraction","GO:0002026","CAV1",1,"BP"
"regulation of the force of heart contraction by chemical signal","GO:0003057","CAV1",1,"BP"
"regulation of toll-like receptor 4 signaling pathway","GO:0034143","CAV1",1,"BP"
"regulation of vascular permeability","GO:0043114","CAP7",1,"BP"
"regulation of ventricular cardiac muscle cell action potential","GO:0098911","CAV1",1,"BP"
"relaxation of skeletal muscle","GO:0090076","AT2A1",1,"BP"
"removal of superoxide radicals","GO:0019430","PERM",1,"BP"
"renal absorption","GO:0070293","HBB",1,"BP"
"replication fork","GO:0005657","H2AX",1,"CC"
"respiratory system process","GO:0003016","CO6A1",1,"BP"
"response to L-ascorbic acid","GO:0033591","CATA",1,"BP"
"response to amine","GO:0014075","ASSY",1,"BP"
"response to amino acid","GO:0043200","ASSY",1,"BP"
"response to amitrole","GO:0072722","CATA",1,"BP"
"response to bacterium","GO:0009617","CAV1",1,"BP"
"response to bleomycin","GO:1904975","CO6A1",1,"BP"
"response to cadmium ion","GO:0046686","CATA",1,"BP"
"response to caloric restriction","GO:0061771","FAS",1,"BP"
"response to decreased oxygen levels","GO:0036293","CO6A1",1,"BP"
"response to endoplasmic reticulum stress","GO:0034976","AT2A1",1,"BP"
"response to estrogen","GO:0043627","CAV1",1,"BP"
"response to food","GO:0032094","PERM",1,"BP"
"response to glucocorticoid","GO:0051384","ASSY",1,"BP"
"response to gold nanoparticle","GO:1990268","PERM",1,"BP"
"response to growth hormone","GO:0060416","ASSY",1,"BP"
"response to heat","GO:0009408","CRYAB",1,"BP"
"response to hyperoxia","GO:0055093","CATA",1,"BP"
"response to inactivity","GO:0014854","CATA",1,"BP"
"response to ionizing radiation","GO:0010212","H2AX",1,"BP"
"response to ischemia","GO:0002931","CAV1",1,"BP"
"response to lead ion","GO:0010288","CATA",1,"BP"
"response to light intensity","GO:0009642","CATA",1,"BP"
"response to lipid","GO:0033993","CO6A1",1,"BP"
"response to ozone","GO:0010193","CATA",1,"BP"
"response to pain","GO:0048265","CO6A1",1,"BP"
"response to peptide","GO:1901652","CO6A1",1,"BP"
"response to peptide hormone","GO:0043434","ASSY",1,"BP"
"response to phenylpropanoid","GO:0080184","CATA",1,"BP"
"response to polyamine macromolecule","GO:1904583","CO6A1",1,"BP"
"response to progesterone","GO:0032570","CAV1",1,"BP"
"response to steroid hormone","GO:0048545","ASSY",1,"BP"
"response to vitamin A","GO:0033189","CATA",1,"BP"
"response to vitamin E","GO:0033197","CATA",1,"BP"
"response to zinc ion","GO:0010043","ASSY",1,"BP"
"retina development in camera-type eye","GO:0060041","LAMB2",1,"BP"
"retinoid metabolic process","GO:0001523","ADH1B",1,"BP"
"retrograde protein transport, ER to cytosol","GO:0030970","TERA",1,"BP"
"reverse cholesterol transport","GO:0043691","APOA1",1,"BP"
"ribonucleoprotein complex","GO:1990904","RS27A",1,"CC"
"ruffle organization","GO:0031529","TPM1",1,"BP"
"sarcomere organization","GO:0045214","TPM1",1,"BP"
"sarcoplasmic reticulum membrane","GO:0033017","AT2A1",1,"CC"
"scavenger receptor activity","GO:0005044","LG3BP",1,"MF"
"sensory perception of mechanical stimulus","GO:0050954","CO6A1",1,"BP"
"sensory perception of sound","GO:0007605","MYH1",1,"BP"
"signaling receptor activity","GO:0038023","K2C1",1,"MF"
"site of DNA damage","GO:0090734","H2AX",1,"CC"
"skeletal muscle contraction","GO:0003009","MYH8",1,"BP"
"skeletal muscle fiber development","GO:0048741","CO6A1",1,"BP"
"skeletal muscle fiber differentiation","GO:0098528","CO6A1",1,"BP"
"skeletal muscle organ development","GO:0060538","CO6A1",1,"BP"
"skeletal muscle thin filament assembly","GO:0030240","ACTC",1,"BP"
"skeletal muscle tissue growth","GO:0048630","CO6A1",1,"BP"
"skeletal muscle tissue regeneration","GO:0043403","CO6A1",1,"BP"
"skeletal system development","GO:0001501","CSPG2",1,"BP"
"smoothened signaling pathway","GO:0007224","PGBM",1,"BP"
"specific granule","GO:0042581","TRFL",1,"CC"
"sperm fibrous sheath","GO:0035686","LDHA",1,"CC"
"spherical high-density lipoprotein particle","GO:0034366","APOA1",1,"CC"
"spindle","GO:0005819","KATL2",1,"CC"
"spindle assembly","GO:0051225","TBB5",1,"BP"
"spindle pole","GO:0000922","KATL2",1,"CC"
"stem cell differentiation","GO:0048863","A2MG",1,"BP"
"stereocilium membrane","GO:0060171","MYO1C",1,"CC"
"steroid metabolic process","GO:0008202","APOA1",1,"BP"
"stress fiber","GO:0001725","TPM1",1,"CC"
"stress granule disassembly","GO:0035617","TERA",1,"BP"
"stress-activated MAPK cascade","GO:0051403","CRYAB",1,"BP"
"structural constituent of ribosome","GO:0003735","RS27A",1,"MF"
"structural constituent of synapse-associated extracellular matrix","GO:0150043","LAMB2",1,"MF"
"substantia nigra development","GO:0021762","LDHA",1,"BP"
"subtelomeric heterochromatin formation","GO:0031509","H33",1,"BP"
"supramolecular fiber","GO:0099512","MYH1",1,"CC"
"synapse organization","GO:0050808","LAMB2",1,"BP"
"synaptic cleft","GO:0043083","LAMB2",1,"CC"
"synaptic membrane","GO:0097060","CRYAB",1,"CC"
"synaptonemal complex assembly","GO:0007130","MEIOC",1,"BP"
"system development","GO:0048731","CSPG2",1,"BP"
"threonine-type endopeptidase activity","GO:0004298","PSB6",1,"MF"
"tissue remodeling","GO:0048771","CO6A1",1,"BP"
"toll-like receptor 4 signaling pathway","GO:0034142","CAV1",1,"BP"
"transcription corepressor activity","GO:0003714","ELNE",1,"MF"
"transcription repressor complex","GO:0017053","ELNE",1,"CC"
"transferase activity, transferring phosphorus-containing groups","GO:0016772","KCRM",1,"MF"
"translation","GO:0006412","RS27A",1,"BP"
"translesion synthesis","GO:0019985","TERA",1,"BP"
"transmembrane transporter binding","GO:0044325","CAV1",1,"MF"
"transmission of nerve impulse","GO:0019226","CO6A1",1,"BP"
"transporter activity","GO:0005215","AT2A1",1,"MF"
"tricarboxylic acid cycle","GO:0006099","CO6A1",1,"BP"
"triglyceride homeostasis","GO:0070328","APOA1",1,"BP"
"tubulin complex assembly","GO:0007021","CRYAB",1,"BP"
"tumor necrosis factor binding","GO:0043120","A2MG",1,"MF"
"tumor necrosis factor-mediated signaling pathway","GO:0033209","K1C18",1,"BP"
"ubiquitin-like protein ligase binding","GO:0044389","TERA",1,"MF"
"ubiquitin-modified protein reader activity","GO:0140036","TERA",1,"MF"
"ubiquitin-specific protease binding","GO:1990381","TERA",1,"MF"
"unconventional myosin complex","GO:0016461","MYO1C",1,"CC"
"unfolded protein binding","GO:0051082","CRYAB",1,"MF"
"urea cycle","GO:0000050","ASSY",1,"BP"
"ureteric bud development","GO:0001657","CATA",1,"BP"
"uridylyltransferase activity","GO:0070569","UGPA",1,"MF"
"uterus development","GO:0060065","CO6A1",1,"BP"
"vascular endothelial growth factor signaling pathway","GO:0038084","MYO1C",1,"BP"
"vasculogenesis","GO:0001570","CAV1",1,"BP"
"vasoconstriction","GO:0042310","CAV1",1,"BP"
"ventricular cardiac muscle tissue morphogenesis","GO:0055010","TPM1",1,"BP"
"very-low-density lipoprotein particle","GO:0034361","APOA1",1,"CC"
"vesicle budding from membrane","GO:0006900","ANXA2",1,"BP"
"vesicle organization","GO:0016050","CAV1",1,"BP"
"vesicle transport along actin filament","GO:0030050","MYO1C",1,"BP"
"vesicle-mediated transport","GO:0016192","LG3BP",1,"BP"
"viral genome replication","GO:0019079","TERA",1,"BP"
"visual perception","GO:0007601","LAMB2",1,"BP"
"vitamin transport","GO:0051180","APOA1",1,"BP"
"xenobiotic metabolic process","GO:0006805","HYEP",1,"BP"
"zymogen activation","GO:0031638","HPT",1,"BP"
